Timestamp,PlateNumber,DetectionScore,OcrConfidence,CombinedScore
2025-09-07T07:40:31.827128+00:00,GJ14BG4657,0.85,0.9843,0.9172
2025-09-07T07:43:07.380360+00:00,GJ38BC2164,0.85,0.9902,0.9201
2025-09-07T07:43:36.812451+00:00,GJ14AP9421,0.85,0.9859,0.918
2025-09-07T07:47:27.319533+00:00,GJ04CA6261,0.85,0.9704,0.9102
2025-09-07T07:47:35.700886+00:00,MP09BE062,0.85,0.821,0.8355
2025-09-07T07:53:05.649515+00:00,GJ03LG4361,0.85,0.9704,0.9102
2025-09-07T07:53:41.681209+00:00,GJ01HZ4822,0.85,0.9578,0.9039
2025-09-07T07:54:30.700416+00:00,GJ04CA6261,0.85,0.9638,0.9069
2025-09-07T07:54:34.594156+00:00,GJ04EP1899,0.85,0.9746,0.9123
2025-09-07T07:54:49.850817+00:00,GJ23BD4913,0.85,0.975,0.9125
2025-09-07T07:55:06.542862+00:00,GJ13AB6184,0.85,0.9734,0.9117
2025-09-07T07:55:28.705968+00:00,GJ01RU8533,0.85,0.9573,0.9036
2025-09-07T07:55:33.597767+00:00,GJ01WD1455,0.85,0.9613,0.9057
2025-09-07T07:55:37.395906+00:00,GJ01RJ0621,0.85,0.9709,0.9105
2025-09-07T07:55:46.777151+00:00,GJ23CA2413,0.85,0.9846,0.9173
2025-09-07T07:56:20.689857+00:00,GJ38BE4441,0.85,0.9808,0.9154
2025-09-07T08:01:22.592448+00:00,GJ23BD4913,0.85,0.8645,0.8572
2025-09-07T08:02:13.971986+00:00,GJ06LK0051,0.85,0.9326,0.8913
2025-09-07T08:02:16.584666+00:00,GJ13CC1423,0.85,0.9836,0.9168
2025-09-07T08:02:46.891012+00:00,GJ38BC2164,0.85,0.9752,0.9126
2025-09-07T08:02:48.407988+00:00,GJ10DE9657,0.85,0.9822,0.9161
2025-09-07T08:05:29.066165+00:00,GJ27AH5575,0.85,0.992,0.921
2025-09-07T08:06:41.723007+00:00,GJ06PK0284,0.85,0.9685,0.9093
2025-09-07T08:06:46.047362+00:00,GJ01RL9922,0.85,0.9684,0.9092
2025-09-07T08:09:10.017852+00:00,GJ05JS1537,0.85,0.9848,0.9174
2025-09-07T08:09:13.565359+00:00,GJ04CR3562,0.85,0.973,0.9115
2025-09-07T08:14:35.594670+00:00,GJ27BE8166,0.85,0.982,0.916
2025-09-07T08:14:37.903386+00:00,GJ36AL4605,0.85,0.976,0.913
2025-09-07T08:15:36.770964+00:00,GJ13CC9004,0.85,0.9127,0.8814
2025-09-07T08:17:22.640931+00:00,GJ36AJ8335,0.85,0.991,0.9205
2025-09-07T08:17:22.692968+00:00,GJ36AJ8335,0.85,0.991,0.9205
2025-09-07T08:17:22.733726+00:00,GJ36AJ8335,0.85,0.991,0.9205
2025-09-07T08:17:22.792398+00:00,GJ36AJ8335,0.85,0.991,0.9205
2025-09-07T08:17:22.833412+00:00,GJ36AJ8335,0.85,0.991,0.9205
2025-09-07T08:17:22.886527+00:00,GJ36AJ8335,0.85,0.991,0.9205
2025-09-07T08:17:22.925803+00:00,GJ36AJ8335,0.85,0.991,0.9205
2025-09-07T08:17:23.038896+00:00,GJ36AJ8335,0.85,0.991,0.9205
2025-09-07T08:17:23.089461+00:00,GJ36AJ8335,0.85,0.991,0.9205
2025-09-07T08:17:23.132937+00:00,GJ36AJ8335,0.85,0.991,0.9205
2025-09-07T08:17:23.177886+00:00,GJ36AJ8335,0.85,0.991,0.9205
2025-09-07T08:17:23.220604+00:00,GJ36AJ8335,0.85,0.991,0.9205
2025-09-07T08:17:23.262879+00:00,GJ36AJ8335,0.85,0.991,0.9205
2025-09-07T08:17:23.311024+00:00,GJ36AJ8335,0.85,0.991,0.9205
2025-09-07T08:17:23.357641+00:00,GJ36AJ8335,0.85,0.991,0.9205
2025-09-07T08:17:23.409184+00:00,GJ36AJ8335,0.85,0.991,0.9205
2025-09-07T08:17:23.450591+00:00,GJ36AJ8335,0.85,0.991,0.9205
2025-09-07T08:17:23.512017+00:00,GJ36AJ8335,0.85,0.991,0.9205
2025-09-07T08:17:23.558832+00:00,GJ36AJ8335,0.85,0.991,0.9205
2025-09-07T08:17:23.607442+00:00,GJ36AJ8335,0.85,0.991,0.9205
2025-09-07T08:17:23.657381+00:00,GJ36AJ8335,0.85,0.991,0.9205
2025-09-07T08:17:23.706563+00:00,GJ36AJ8335,0.85,0.991,0.9205
2025-09-07T08:17:23.750934+00:00,GJ36AJ8335,0.85,0.991,0.9205
2025-09-07T08:17:23.801408+00:00,GJ36AJ8335,0.85,0.991,0.9205
2025-09-07T08:17:23.841334+00:00,GJ36AJ8335,0.85,0.991,0.9205
2025-09-07T08:17:23.883487+00:00,GJ36AJ8335,0.85,0.991,0.9205
2025-09-07T08:17:23.923568+00:00,GJ36AJ8335,0.85,0.991,0.9205
2025-09-07T08:17:23.990213+00:00,GJ36AJ8335,0.85,0.991,0.9205
2025-09-07T08:17:24.027470+00:00,GJ36AJ8335,0.85,0.991,0.9205
2025-09-07T08:17:24.084050+00:00,GJ36AJ8335,0.85,0.991,0.9205
2025-09-07T08:17:24.129411+00:00,GJ36AJ8335,0.85,0.991,0.9205
2025-09-07T08:17:24.192758+00:00,GJ36AJ8335,0.85,0.991,0.9205
2025-09-07T08:17:24.252649+00:00,GJ36AJ8335,0.85,0.991,0.9205
2025-09-07T08:17:24.301892+00:00,GJ36AJ8335,0.85,0.991,0.9205
2025-09-07T08:17:24.349243+00:00,GJ36AJ8335,0.85,0.991,0.9205
2025-09-07T08:17:24.404060+00:00,GJ36AJ8335,0.85,0.991,0.9205
2025-09-07T08:17:24.447302+00:00,GJ36AJ8335,0.85,0.991,0.9205
2025-09-07T08:17:24.468119+00:00,GJ36AJ8335,0.85,0.991,0.9205
2025-09-07T08:17:24.500448+00:00,GJ36AJ8335,0.85,0.991,0.9205
2025-09-07T08:17:24.534712+00:00,GJ36AJ8335,0.85,0.991,0.9205
2025-09-07T08:17:24.608994+00:00,GJ36AJ8335,0.85,0.991,0.9205
2025-09-07T08:17:24.644625+00:00,GJ36AJ8335,0.85,0.991,0.9205
2025-09-07T08:17:24.697034+00:00,GJ36AJ8335,0.85,0.991,0.9205
2025-09-07T08:17:24.764470+00:00,GJ36AJ8335,0.85,0.991,0.9205
2025-09-07T08:17:24.808593+00:00,GJ36AJ8335,0.85,0.991,0.9205
2025-09-07T08:17:24.863905+00:00,GJ36AJ8335,0.85,0.991,0.9205
2025-09-07T08:17:24.897275+00:00,GJ36AJ8335,0.85,0.991,0.9205
2025-09-07T08:17:24.969960+00:00,GJ36AJ8335,0.85,0.991,0.9205
2025-09-07T08:17:25.005536+00:00,GJ36AJ8335,0.85,0.991,0.9205
2025-09-07T08:17:25.063214+00:00,GJ36AJ8335,0.85,0.991,0.9205
2025-09-07T08:17:25.104262+00:00,GJ36AJ8335,0.85,0.991,0.9205
2025-09-07T08:17:25.166022+00:00,GJ36AJ8335,0.85,0.991,0.9205
2025-09-07T08:17:25.205519+00:00,GJ36AJ8335,0.85,0.991,0.9205
2025-09-07T08:17:25.255544+00:00,GJ36AJ8335,0.85,0.991,0.9205
2025-09-07T08:17:25.292804+00:00,GJ36AJ8335,0.85,0.991,0.9205
2025-09-07T08:17:25.364732+00:00,GJ36AJ8335,0.85,0.991,0.9205
2025-09-07T08:17:25.402322+00:00,GJ36AJ8335,0.85,0.991,0.9205
2025-09-07T08:17:25.444133+00:00,GJ36AJ8335,0.85,0.991,0.9205
2025-09-07T08:17:25.496977+00:00,GJ36AJ8335,0.85,0.991,0.9205
2025-09-07T08:17:25.537198+00:00,GJ36AJ8335,0.85,0.991,0.9205
2025-09-07T08:17:25.609596+00:00,GJ36AJ8335,0.85,0.991,0.9205
2025-09-07T08:17:25.648422+00:00,GJ36AJ8335,0.85,0.991,0.9205
2025-09-07T08:17:25.701190+00:00,GJ36AJ8335,0.85,0.991,0.9205
2025-09-07T08:17:25.766280+00:00,GJ36AJ8335,0.85,0.991,0.9205
2025-09-07T08:17:25.809471+00:00,GJ36AJ8335,0.85,0.991,0.9205
2025-09-07T08:17:25.861051+00:00,GJ36AJ8335,0.85,0.991,0.9205
2025-09-07T08:17:25.899052+00:00,GJ36AJ8335,0.85,0.991,0.9205
2025-09-07T08:17:25.964305+00:00,GJ36AJ8335,0.85,0.991,0.9205
2025-09-07T08:17:26.003501+00:00,GJ36AJ8335,0.85,0.991,0.9205
2025-09-07T08:17:26.053795+00:00,GJ36AJ8335,0.85,0.991,0.9205
2025-09-07T08:17:26.093235+00:00,GJ36AJ8335,0.85,0.991,0.9205
2025-09-07T08:17:26.169561+00:00,GJ36AJ8335,0.85,0.991,0.9205
2025-09-07T08:17:26.208464+00:00,GJ36AJ8335,0.85,0.991,0.9205
2025-09-07T08:17:26.254466+00:00,GJ36AJ8335,0.85,0.991,0.9205
2025-09-07T08:17:26.290085+00:00,GJ36AJ8335,0.85,0.991,0.9205
2025-09-07T08:17:26.364631+00:00,GJ36AJ8335,0.85,0.991,0.9205
2025-09-07T08:17:26.402444+00:00,GJ36AJ8335,0.85,0.991,0.9205
2025-09-07T08:17:26.452526+00:00,GJ36AJ8335,0.85,0.991,0.9205
2025-09-07T08:17:26.491289+00:00,GJ36AJ8335,0.85,0.991,0.9205
2025-09-07T08:17:26.530201+00:00,GJ36AJ8335,0.85,0.991,0.9205
2025-09-07T08:17:26.607318+00:00,GJ36AJ8335,0.85,0.991,0.9205
2025-09-07T08:17:26.649746+00:00,GJ36AJ8335,0.85,0.991,0.9205
2025-09-07T08:17:26.699219+00:00,GJ36AJ8335,0.85,0.991,0.9205
2025-09-07T08:17:26.770761+00:00,GJ36AJ8335,0.85,0.991,0.9205
2025-09-07T08:17:26.806261+00:00,GJ36AJ8335,0.85,0.991,0.9205
2025-09-07T08:17:26.865825+00:00,GJ36AJ8335,0.85,0.991,0.9205
2025-09-07T08:17:26.912869+00:00,GJ36AJ8335,0.85,0.991,0.9205
2025-09-07T08:17:26.984133+00:00,GJ36AJ8335,0.85,0.991,0.9205
2025-09-07T08:17:27.029529+00:00,GJ36AJ8335,0.85,0.991,0.9205
2025-09-07T08:17:27.093929+00:00,GJ36AJ8335,0.85,0.991,0.9205
2025-09-07T08:17:27.142513+00:00,GJ36AJ8335,0.85,0.991,0.9205
2025-09-07T08:17:27.195975+00:00,GJ36AJ8335,0.85,0.991,0.9205
2025-09-07T08:17:27.238386+00:00,GJ36AJ8335,0.85,0.991,0.9205
2025-09-07T08:17:27.278068+00:00,GJ36AJ8335,0.85,0.991,0.9205
2025-09-07T08:17:27.322174+00:00,GJ36AJ8335,0.85,0.991,0.9205
2025-09-07T08:17:27.382067+00:00,GJ36AJ8335,0.85,0.991,0.9205
2025-09-07T08:17:27.435986+00:00,GJ36AJ8335,0.85,0.991,0.9205
2025-09-07T08:17:27.511943+00:00,GJ36AJ8335,0.85,0.991,0.9205
2025-09-07T08:17:27.561071+00:00,GJ36AJ8335,0.85,0.991,0.9205
2025-09-07T08:17:27.601573+00:00,GJ36AJ8335,0.85,0.991,0.9205
2025-09-07T08:17:27.646365+00:00,GJ36AJ8335,0.85,0.991,0.9205
2025-09-07T08:17:27.691157+00:00,GJ36AJ8335,0.85,0.991,0.9205
2025-09-07T08:17:27.732304+00:00,GJ36AJ8335,0.85,0.991,0.9205
2025-09-07T08:17:27.792584+00:00,GJ36AJ8335,0.85,0.991,0.9205
2025-09-07T08:17:27.837588+00:00,GJ36AJ8335,0.85,0.991,0.9205
2025-09-07T08:17:27.887596+00:00,GJ36AJ8335,0.85,0.991,0.9205
2025-09-07T08:17:27.932578+00:00,GJ36AJ8335,0.85,0.991,0.9205
2025-09-07T08:17:27.987226+00:00,GJ36AJ8335,0.85,0.991,0.9205
2025-09-07T08:17:28.031098+00:00,GJ36AJ8335,0.85,0.991,0.9205
2025-09-07T08:17:28.087105+00:00,GJ36AJ8335,0.85,0.991,0.9205
2025-09-07T08:17:28.126465+00:00,GJ36AJ8335,0.85,0.991,0.9205
2025-09-07T08:17:28.197959+00:00,GJ36AJ8335,0.85,0.991,0.9205
2025-09-07T08:17:28.238506+00:00,GJ36AJ8335,0.85,0.991,0.9205
2025-09-07T08:17:28.284510+00:00,GJ36AJ8335,0.85,0.991,0.9205
2025-09-07T08:17:28.332523+00:00,GJ36AJ8335,0.85,0.991,0.9205
2025-09-07T08:17:28.399306+00:00,GJ36AJ8335,0.85,0.991,0.9205
2025-09-07T08:17:28.438323+00:00,GJ36AJ8335,0.85,0.991,0.9205
2025-09-07T08:17:28.487725+00:00,GJ36AJ8335,0.85,0.991,0.9205
2025-09-07T08:17:28.529046+00:00,GJ36AJ8335,0.85,0.991,0.9205
2025-09-07T08:17:28.570234+00:00,GJ36AJ8335,0.85,0.991,0.9205
2025-09-07T08:17:28.623349+00:00,GJ36AJ8335,0.85,0.991,0.9205
2025-09-07T08:17:28.664853+00:00,GJ36AJ8335,0.85,0.991,0.9205
2025-09-07T08:17:28.713654+00:00,GJ36AJ8335,0.85,0.991,0.9205
2025-09-07T08:17:28.780651+00:00,GJ36AJ8335,0.85,0.991,0.9205
2025-09-07T08:17:28.831857+00:00,GJ36AJ8335,0.85,0.991,0.9205
2025-09-07T08:17:28.898914+00:00,GJ36AJ8335,0.85,0.991,0.9205
2025-09-07T08:17:28.917863+00:00,GJ36AJ8335,0.85,0.991,0.9205
2025-09-07T08:17:28.969113+00:00,GJ36AJ8335,0.85,0.991,0.9205
2025-09-07T08:17:29.010152+00:00,GJ36AJ8335,0.85,0.991,0.9205
2025-09-07T08:17:29.062261+00:00,GJ36AJ8335,0.85,0.991,0.9205
2025-09-07T08:17:29.102257+00:00,GJ36AJ8335,0.85,0.991,0.9205
2025-09-07T08:17:29.163981+00:00,GJ36AJ8335,0.85,0.991,0.9205
2025-09-07T08:17:29.209747+00:00,GJ36AJ8335,0.85,0.991,0.9205
2025-09-07T08:17:29.261852+00:00,GJ36AJ8335,0.85,0.991,0.9205
2025-09-07T08:17:29.293850+00:00,GJ36AJ8335,0.85,0.991,0.9205
2025-09-07T08:17:29.369953+00:00,GJ36AJ8335,0.85,0.991,0.9205
2025-09-07T08:17:29.406953+00:00,GJ36AJ8335,0.85,0.991,0.9205
2025-09-07T08:17:29.502667+00:00,GJ36AJ8335,0.85,0.991,0.9205
2025-09-07T08:17:29.538960+00:00,GJ36AJ8335,0.85,0.991,0.9205
2025-09-07T08:17:29.573851+00:00,GJ36AJ8335,0.85,0.991,0.9205
2025-09-07T08:17:29.623118+00:00,GJ36AJ8335,0.85,0.991,0.9205
2025-09-07T08:17:29.656847+00:00,GJ36AJ8335,0.85,0.991,0.9205
2025-09-07T08:17:29.701984+00:00,GJ36AJ8335,0.85,0.991,0.9205
2025-09-07T08:17:29.779395+00:00,GJ36AJ8335,0.85,0.991,0.9205
2025-09-07T08:17:29.812846+00:00,GJ36AJ8335,0.85,0.991,0.9205
2025-09-07T08:17:29.860269+00:00,GJ36AJ8335,0.85,0.991,0.9205
2025-09-07T08:17:29.899787+00:00,GJ36AJ8335,0.85,0.991,0.9205
2025-09-07T08:17:29.967653+00:00,GJ36AJ8335,0.85,0.991,0.9205
2025-09-07T08:17:30.007337+00:00,GJ36AJ8335,0.85,0.991,0.9205
2025-09-07T08:17:30.065240+00:00,GJ36AJ8335,0.85,0.991,0.9205
2025-09-07T08:17:30.099614+00:00,GJ36AJ8335,0.85,0.991,0.9205
2025-09-07T08:17:30.165407+00:00,GJ36AJ8335,0.85,0.991,0.9205
2025-09-07T08:17:30.207714+00:00,GJ36AJ8335,0.85,0.991,0.9205
2025-09-07T08:17:30.261974+00:00,GJ36AJ8335,0.85,0.991,0.9205
2025-09-07T08:17:30.303558+00:00,GJ36AJ8335,0.85,0.991,0.9205
2025-09-07T08:17:30.363407+00:00,GJ36AJ8335,0.85,0.991,0.9205
2025-09-07T08:17:30.404046+00:00,GJ36AJ8335,0.85,0.991,0.9205
2025-09-07T08:17:30.458718+00:00,GJ36AJ8335,0.85,0.991,0.9205
2025-09-07T08:17:30.495730+00:00,GJ36AJ8335,0.85,0.991,0.9205
2025-09-07T08:17:30.527594+00:00,GJ36AJ8335,0.85,0.991,0.9205
2025-09-07T08:17:30.608116+00:00,GJ36AJ8335,0.85,0.991,0.9205
2025-09-07T08:17:30.643897+00:00,GJ36AJ8335,0.85,0.991,0.9205
2025-09-07T08:17:30.686563+00:00,GJ36AJ8335,0.85,0.991,0.9205
2025-09-07T08:17:30.767536+00:00,GJ36AJ8335,0.85,0.991,0.9205
2025-09-07T08:17:30.807718+00:00,GJ36AJ8335,0.85,0.991,0.9205
2025-09-07T08:17:30.853183+00:00,GJ36AJ8335,0.85,0.991,0.9205
2025-09-07T08:17:30.891463+00:00,GJ36AJ8335,0.85,0.991,0.9205
2025-09-07T08:17:30.967458+00:00,GJ36AJ8335,0.85,0.991,0.9205
2025-09-07T08:17:31.012794+00:00,GJ36AJ8335,0.85,0.991,0.9205
2025-09-07T08:17:31.058446+00:00,GJ36AJ8335,0.85,0.991,0.9205
2025-09-07T08:17:31.092994+00:00,GJ36AJ8335,0.85,0.991,0.9205
2025-09-07T08:17:31.163289+00:00,GJ36AJ8335,0.85,0.991,0.9205
2025-09-07T08:17:31.205920+00:00,GJ36AJ8335,0.85,0.991,0.9205
2025-09-07T08:17:31.255663+00:00,GJ36AJ8335,0.85,0.991,0.9205
2025-09-07T08:17:31.289106+00:00,GJ36AJ8335,0.85,0.991,0.9205
2025-09-07T08:17:31.367042+00:00,GJ36AJ8335,0.85,0.991,0.9205
2025-09-07T08:17:31.407151+00:00,GJ36AJ8335,0.85,0.991,0.9205
2025-09-07T08:17:31.510563+00:00,GJ36AJ8335,0.85,0.991,0.9205
2025-09-07T08:17:31.543874+00:00,GJ36AJ8335,0.85,0.991,0.9205
2025-09-07T08:17:31.580954+00:00,GJ36AJ8335,0.85,0.991,0.9205
2025-09-07T08:17:31.624565+00:00,GJ36AJ8335,0.85,0.991,0.9205
2025-09-07T08:17:31.659507+00:00,GJ36AJ8335,0.85,0.991,0.9205
2025-09-07T08:17:31.695093+00:00,GJ36AJ8335,0.85,0.991,0.9205
2025-09-07T08:17:31.765674+00:00,GJ36AJ8335,0.85,0.991,0.9205
2025-09-07T08:17:31.809645+00:00,GJ36AJ8335,0.85,0.991,0.9205
2025-09-07T08:17:31.855162+00:00,GJ36AJ8335,0.85,0.991,0.9205
2025-09-07T08:17:31.890610+00:00,GJ36AJ8335,0.85,0.991,0.9205
2025-09-07T08:17:31.962999+00:00,GJ36AJ8335,0.85,0.991,0.9205
2025-09-07T08:17:32.009722+00:00,GJ36AJ8335,0.85,0.991,0.9205
2025-09-07T08:17:32.061333+00:00,GJ36AJ8335,0.85,0.991,0.9205
2025-09-07T08:17:32.093112+00:00,GJ36AJ8335,0.85,0.991,0.9205
2025-09-07T08:17:32.163150+00:00,GJ36AJ8335,0.85,0.991,0.9205
2025-09-07T08:17:32.208739+00:00,GJ36AJ8335,0.85,0.991,0.9205
2025-09-07T08:17:32.254494+00:00,GJ36AJ8335,0.85,0.991,0.9205
2025-09-07T08:17:32.292608+00:00,GJ36AJ8335,0.85,0.991,0.9205
2025-09-07T08:17:32.368224+00:00,GJ36AJ8335,0.85,0.991,0.9205
2025-09-07T08:17:32.412720+00:00,GJ36AJ8335,0.85,0.991,0.9205
2025-09-07T08:17:32.463567+00:00,GJ36AJ8335,0.85,0.991,0.9205
2025-09-07T08:17:32.496572+00:00,GJ36AJ8335,0.85,0.991,0.9205
2025-09-07T08:17:32.540197+00:00,GJ36AJ8335,0.85,0.991,0.9205
2025-09-07T08:17:32.605641+00:00,GJ36AJ8335,0.85,0.991,0.9205
2025-09-07T08:17:32.644651+00:00,GJ36AJ8335,0.85,0.991,0.9205
2025-09-07T08:17:32.693143+00:00,GJ36AJ8335,0.85,0.991,0.9205
2025-09-07T08:17:32.769593+00:00,GJ36AJ8335,0.85,0.991,0.9205
2025-09-07T08:17:32.806705+00:00,GJ36AJ8335,0.85,0.991,0.9205
2025-09-07T08:17:32.853480+00:00,GJ36AJ8335,0.85,0.991,0.9205
2025-09-07T08:17:32.892721+00:00,GJ36AJ8335,0.85,0.991,0.9205
2025-09-07T08:17:32.969786+00:00,GJ36AJ8335,0.85,0.991,0.9205
2025-09-07T08:17:33.011346+00:00,GJ36AJ8335,0.85,0.991,0.9205
2025-09-07T08:17:33.065470+00:00,GJ36AJ8335,0.85,0.991,0.9205
2025-09-07T08:17:33.101406+00:00,GJ36AJ8335,0.85,0.991,0.9205
2025-09-07T08:17:33.168315+00:00,GJ36AJ8335,0.85,0.991,0.9205
2025-09-07T08:17:33.209508+00:00,GJ36AJ8335,0.85,0.991,0.9205
2025-09-07T08:17:33.259249+00:00,GJ36AJ8335,0.85,0.991,0.9205
2025-09-07T08:17:33.291527+00:00,GJ36AJ8335,0.85,0.991,0.9205
2025-09-07T08:17:33.367129+00:00,GJ36AJ8335,0.85,0.991,0.9205
2025-09-07T08:17:33.407460+00:00,GJ36AJ8335,0.85,0.991,0.9205
2025-09-07T08:17:33.511354+00:00,GJ36AJ8335,0.85,0.991,0.9205
2025-09-07T08:17:33.550164+00:00,GJ36AJ8335,0.85,0.991,0.9205
2025-09-07T08:17:33.583982+00:00,GJ36AJ8335,0.85,0.991,0.9205
2025-09-07T08:17:33.622949+00:00,GJ36AJ8335,0.85,0.991,0.9205
2025-09-07T08:17:33.657626+00:00,GJ36AJ8335,0.85,0.991,0.9205
2025-09-07T08:17:33.693540+00:00,GJ36AJ8335,0.85,0.991,0.9205
2025-09-07T08:17:33.762911+00:00,GJ36AJ8335,0.85,0.991,0.9205
2025-09-07T08:17:33.803736+00:00,GJ36AJ8335,0.85,0.991,0.9205
2025-09-07T08:17:33.863054+00:00,GJ36AJ8335,0.85,0.991,0.9205
2025-09-07T08:17:33.897720+00:00,GJ36AJ8335,0.85,0.991,0.9205
2025-09-07T08:17:33.963562+00:00,GJ36AJ8335,0.85,0.991,0.9205
2025-09-07T08:17:34.003519+00:00,GJ36AJ8335,0.85,0.991,0.9205
2025-09-07T08:17:34.053827+00:00,GJ36AJ8335,0.85,0.991,0.9205
2025-09-07T08:17:34.089889+00:00,GJ36AJ8335,0.85,0.991,0.9205
2025-09-07T08:17:34.167238+00:00,GJ36AJ8335,0.85,0.991,0.9205
2025-09-07T08:17:34.204785+00:00,GJ36AJ8335,0.85,0.991,0.9205
2025-09-07T08:17:34.253488+00:00,GJ36AJ8335,0.85,0.991,0.9205
2025-09-07T08:17:34.288470+00:00,GJ36AJ8335,0.85,0.991,0.9205
2025-09-07T08:17:34.362929+00:00,GJ36AJ8335,0.85,0.991,0.9205
2025-09-07T08:17:34.408744+00:00,GJ36AJ8335,0.85,0.991,0.9205
2025-09-07T08:17:34.443759+00:00,GJ36AJ8335,0.85,0.991,0.9205
2025-09-07T08:17:34.483744+00:00,GJ36AJ8335,0.85,0.991,0.9205
2025-09-07T08:17:34.526779+00:00,GJ36AJ8335,0.85,0.991,0.9205
2025-09-07T08:17:34.610308+00:00,GJ36AJ8335,0.85,0.991,0.9205
2025-09-07T08:17:34.647873+00:00,GJ36AJ8335,0.85,0.991,0.9205
2025-09-07T08:17:34.685848+00:00,GJ36AJ8335,0.85,0.991,0.9205
2025-09-07T08:17:34.764346+00:00,GJ36AJ8335,0.85,0.991,0.9205
2025-09-07T08:17:34.806213+00:00,GJ36AJ8335,0.85,0.991,0.9205
2025-09-07T08:17:34.861157+00:00,GJ36AJ8335,0.85,0.991,0.9205
2025-09-07T08:17:34.899019+00:00,GJ36AJ8335,0.85,0.991,0.9205
2025-09-07T08:17:34.966569+00:00,GJ36AJ8335,0.85,0.991,0.9205
2025-09-07T08:17:35.007869+00:00,GJ36AJ8335,0.85,0.991,0.9205
2025-09-07T08:17:35.046625+00:00,GJ36AJ8335,0.85,0.991,0.9205
2025-09-07T08:17:35.090052+00:00,GJ36AJ8335,0.85,0.991,0.9205
2025-09-07T08:17:35.163069+00:00,GJ36AJ8335,0.85,0.991,0.9205
2025-09-07T08:17:35.207760+00:00,GJ36AJ8335,0.85,0.991,0.9205
2025-09-07T08:17:35.249730+00:00,GJ36AJ8335,0.85,0.991,0.9205
2025-09-07T08:17:35.285311+00:00,GJ36AJ8335,0.85,0.991,0.9205
2025-09-07T08:17:35.366300+00:00,GJ36AJ8335,0.85,0.991,0.9205
2025-09-07T08:17:35.407579+00:00,GJ36AJ8335,0.85,0.991,0.9205
2025-09-07T08:17:35.452091+00:00,GJ36AJ8335,0.85,0.991,0.9205
2025-09-07T08:17:35.515689+00:00,GJ36AJ8335,0.85,0.991,0.9205
2025-09-07T08:17:35.573895+00:00,GJ36AJ8335,0.85,0.991,0.9205
2025-09-07T08:17:35.626659+00:00,GJ36AJ8335,0.85,0.991,0.9205
2025-09-07T08:17:35.662659+00:00,GJ36AJ8335,0.85,0.991,0.9205
2025-09-07T08:17:35.697844+00:00,GJ36AJ8335,0.85,0.991,0.9205
2025-09-07T08:17:35.768823+00:00,GJ36AJ8335,0.85,0.991,0.9205
2025-09-07T08:17:35.810861+00:00,GJ36AJ8335,0.85,0.991,0.9205
2025-09-07T08:17:35.850011+00:00,GJ36AJ8335,0.85,0.991,0.9205
2025-09-07T08:17:35.892950+00:00,GJ36AJ8335,0.85,0.991,0.9205
2025-09-07T08:17:35.968579+00:00,GJ36AJ8335,0.85,0.991,0.9205
2025-09-07T08:17:36.009940+00:00,GJ36AJ8335,0.85,0.991,0.9205
2025-09-07T08:17:36.054389+00:00,GJ36AJ8335,0.85,0.991,0.9205
2025-09-07T08:17:36.090558+00:00,GJ36AJ8335,0.85,0.991,0.9205
2025-09-07T08:17:36.163079+00:00,GJ36AJ8335,0.85,0.991,0.9205
2025-09-07T08:17:36.204690+00:00,GJ36AJ8335,0.85,0.991,0.9205
2025-09-07T08:17:36.244023+00:00,GJ36AJ8335,0.85,0.991,0.9205
2025-09-07T08:17:36.284421+00:00,GJ36AJ8335,0.85,0.991,0.9205
2025-09-07T08:17:36.363774+00:00,GJ36AJ8335,0.85,0.991,0.9205
2025-09-07T08:17:36.404451+00:00,GJ36AJ8335,0.85,0.991,0.9205
2025-09-07T08:17:36.449602+00:00,GJ36AJ8335,0.85,0.991,0.9205
2025-09-07T08:17:36.485801+00:00,GJ36AJ8335,0.85,0.991,0.9205
2025-09-07T08:17:36.527117+00:00,GJ36AJ8335,0.85,0.991,0.9205
2025-09-07T08:17:36.610025+00:00,GJ36AJ8335,0.85,0.991,0.9205
2025-09-07T08:17:36.645721+00:00,GJ36AJ8335,0.85,0.991,0.9205
2025-09-07T08:17:36.692173+00:00,GJ36AJ8335,0.85,0.991,0.9205
2025-09-07T08:17:36.762938+00:00,GJ36AJ8335,0.85,0.991,0.9205
2025-09-07T08:17:36.805639+00:00,GJ36AJ8335,0.85,0.991,0.9205
2025-09-07T08:17:36.843166+00:00,GJ36AJ8335,0.85,0.991,0.9205
2025-09-07T08:17:36.890658+00:00,GJ36AJ8335,0.85,0.991,0.9205
2025-09-07T08:17:36.968920+00:00,GJ36AJ8335,0.85,0.991,0.9205
2025-09-07T08:17:37.011922+00:00,GJ36AJ8335,0.85,0.991,0.9205
2025-09-07T08:17:37.052025+00:00,GJ36AJ8335,0.85,0.991,0.9205
2025-09-07T08:17:37.088268+00:00,GJ36AJ8335,0.85,0.991,0.9205
2025-09-07T08:17:37.167144+00:00,GJ36AJ8335,0.85,0.991,0.9205
2025-09-07T08:17:37.208659+00:00,GJ36AJ8335,0.85,0.991,0.9205
2025-09-07T08:17:37.243963+00:00,GJ36AJ8335,0.85,0.991,0.9205
2025-09-07T08:17:37.284425+00:00,GJ36AJ8335,0.85,0.991,0.9205
2025-09-07T08:17:37.364674+00:00,GJ36AJ8335,0.85,0.991,0.9205
2025-09-07T08:17:37.404599+00:00,GJ36AJ8335,0.85,0.991,0.9205
2025-09-07T08:17:37.458640+00:00,GJ36AJ8335,0.85,0.991,0.9205
2025-09-07T08:17:37.511490+00:00,GJ36AJ8335,0.85,0.991,0.9205
2025-09-07T08:17:37.586615+00:00,GJ36AJ8335,0.85,0.991,0.9205
2025-09-07T08:17:37.771008+00:00,GJ36AJ8335,0.85,0.991,0.9205
2025-09-07T08:17:37.805529+00:00,GJ36AJ8335,0.85,0.991,0.9205
2025-09-07T08:17:37.838844+00:00,GJ36AJ8335,0.85,0.991,0.9205
2025-09-07T08:17:37.876627+00:00,GJ36AJ8335,0.85,0.991,0.9205
2025-09-07T08:17:37.916723+00:00,GJ36AJ8335,0.85,0.991,0.9205
2025-09-07T08:17:37.946112+00:00,GJ36AJ8335,0.85,0.991,0.9205
2025-09-07T08:17:37.984965+00:00,GJ36AJ8335,0.85,0.991,0.9205
2025-09-07T08:17:38.019905+00:00,GJ36AJ8335,0.85,0.991,0.9205
2025-09-07T08:17:38.053884+00:00,GJ36AJ8335,0.85,0.991,0.9205
2025-09-07T08:17:38.096576+00:00,GJ36AJ8335,0.85,0.991,0.9205
2025-09-07T08:17:38.127575+00:00,GJ36AJ8335,0.85,0.991,0.9205
2025-09-07T08:17:38.163588+00:00,GJ36AJ8335,0.85,0.991,0.9205
2025-09-07T08:17:38.202353+00:00,GJ36AJ8335,0.85,0.991,0.9205
2025-09-07T08:17:38.242963+00:00,GJ36AJ8335,0.85,0.991,0.9205
2025-09-07T08:17:38.285247+00:00,GJ36AJ8335,0.85,0.991,0.9205
2025-09-07T08:17:38.363368+00:00,GJ36AJ8335,0.85,0.991,0.9205
2025-09-07T08:17:38.408628+00:00,GJ36AJ8335,0.85,0.991,0.9205
2025-09-07T08:17:38.452461+00:00,GJ36AJ8335,0.85,0.991,0.9205
2025-09-07T08:17:38.490979+00:00,GJ36AJ8335,0.85,0.991,0.9205
2025-09-07T08:17:38.525651+00:00,GJ36AJ8335,0.85,0.991,0.9205
2025-09-07T08:17:38.603128+00:00,GJ36AJ8335,0.85,0.991,0.9205
2025-09-07T08:17:38.650473+00:00,GJ36AJ8335,0.85,0.991,0.9205
2025-09-07T08:17:38.691670+00:00,GJ36AJ8335,0.85,0.991,0.9205
2025-09-07T08:17:38.765028+00:00,GJ36AJ8335,0.85,0.991,0.9205
2025-09-07T08:17:38.809786+00:00,GJ36AJ8335,0.85,0.991,0.9205
2025-09-07T08:17:38.851455+00:00,GJ36AJ8335,0.85,0.991,0.9205
2025-09-07T08:17:38.887172+00:00,GJ36AJ8335,0.85,0.991,0.9205
2025-09-07T08:17:38.963418+00:00,GJ36AJ8335,0.85,0.991,0.9205
2025-09-07T08:17:39.007954+00:00,GJ36AJ8335,0.85,0.991,0.9205
2025-09-07T08:17:39.048366+00:00,GJ36AJ8335,0.85,0.991,0.9205
2025-09-07T08:17:39.084262+00:00,GJ36AJ8335,0.85,0.991,0.9205
2025-09-07T08:17:39.162961+00:00,GJ36AJ8335,0.85,0.991,0.9205
2025-09-07T08:17:39.203060+00:00,GJ36AJ8335,0.85,0.991,0.9205
2025-09-07T08:17:39.252639+00:00,GJ36AJ8335,0.85,0.991,0.9205
2025-09-07T08:17:39.290434+00:00,GJ36AJ8335,0.85,0.991,0.9205
2025-09-07T08:17:39.363205+00:00,GJ36AJ8335,0.85,0.991,0.9205
2025-09-07T08:17:39.409818+00:00,GJ36AJ8335,0.85,0.991,0.9205
2025-09-07T08:17:39.447142+00:00,GJ36AJ8335,0.85,0.991,0.9205
2025-09-07T08:17:39.507926+00:00,GJ36AJ8335,0.85,0.991,0.9205
2025-09-07T08:17:39.582410+00:00,GJ36AJ8335,0.85,0.991,0.9205
2025-09-07T08:17:39.630238+00:00,GJ36AJ8335,0.85,0.991,0.9205
2025-09-07T08:17:39.667210+00:00,GJ36AJ8335,0.85,0.991,0.9205
2025-09-07T08:17:39.702223+00:00,GJ36AJ8335,0.85,0.991,0.9205
2025-09-07T08:17:39.763026+00:00,GJ36AJ8335,0.85,0.991,0.9205
2025-09-07T08:17:39.804989+00:00,GJ36AJ8335,0.85,0.991,0.9205
2025-09-07T08:17:39.860549+00:00,GJ36AJ8335,0.85,0.991,0.9205
2025-09-07T08:17:39.894205+00:00,GJ36AJ8335,0.85,0.991,0.9205
2025-09-07T08:17:39.967491+00:00,GJ36AJ8335,0.85,0.991,0.9205
2025-09-07T08:17:40.007509+00:00,GJ36AJ8335,0.85,0.991,0.9205
2025-09-07T08:17:40.046364+00:00,GJ36AJ8335,0.85,0.991,0.9205
2025-09-07T08:17:40.083447+00:00,GJ36AJ8335,0.85,0.991,0.9205
2025-09-07T08:17:40.161246+00:00,GJ36AJ8335,0.85,0.991,0.9205
2025-09-07T08:17:40.202705+00:00,GJ36AJ8335,0.85,0.991,0.9205
2025-09-07T08:17:40.255581+00:00,GJ36AJ8335,0.85,0.991,0.9205
2025-09-07T08:17:40.293112+00:00,GJ36AJ8335,0.85,0.991,0.9205
2025-09-07T08:17:40.363149+00:00,GJ36AJ8335,0.85,0.991,0.9205
2025-09-07T08:17:40.406427+00:00,GJ36AJ8335,0.85,0.991,0.9205
2025-09-07T08:17:40.446369+00:00,GJ36AJ8335,0.85,0.991,0.9205
2025-09-07T08:17:40.492849+00:00,GJ36AJ8335,0.85,0.991,0.9205
2025-09-07T08:17:40.533340+00:00,GJ36AJ8335,0.85,0.991,0.9205
2025-09-07T08:17:40.609847+00:00,GJ36AJ8335,0.85,0.991,0.9205
2025-09-07T08:17:40.659240+00:00,GJ36AJ8335,0.85,0.991,0.9205
2025-09-07T08:17:40.695279+00:00,GJ36AJ8335,0.85,0.991,0.9205
2025-09-07T08:17:40.763189+00:00,GJ36AJ8335,0.85,0.991,0.9205
2025-09-07T08:17:40.807933+00:00,GJ36AJ8335,0.85,0.991,0.9205
2025-09-07T08:17:40.851221+00:00,GJ36AJ8335,0.85,0.991,0.9205
2025-09-07T08:17:40.886374+00:00,GJ36AJ8335,0.85,0.991,0.9205
2025-09-07T08:17:40.964352+00:00,GJ36AJ8335,0.85,0.991,0.9205
2025-09-07T08:17:41.009310+00:00,GJ36AJ8335,0.85,0.991,0.9205
2025-09-07T08:17:41.050585+00:00,GJ36AJ8335,0.85,0.991,0.9205
2025-09-07T08:17:41.086938+00:00,GJ36AJ8335,0.85,0.991,0.9205
2025-09-07T08:17:41.164551+00:00,GJ36AJ8335,0.85,0.991,0.9205
2025-09-07T08:17:41.205102+00:00,GJ36AJ8335,0.85,0.991,0.9205
2025-09-07T08:17:41.262927+00:00,GJ36AJ8335,0.85,0.991,0.9205
2025-09-07T08:17:41.297354+00:00,GJ36AJ8335,0.85,0.991,0.9205
2025-09-07T08:17:41.370528+00:00,GJ36AJ8335,0.85,0.991,0.9205
2025-09-07T08:17:41.409203+00:00,GJ36AJ8335,0.85,0.991,0.9205
2025-09-07T08:17:41.449350+00:00,GJ36AJ8335,0.85,0.991,0.9205
2025-09-07T08:17:41.519554+00:00,GJ36AJ8335,0.85,0.991,0.9205
2025-09-07T08:17:41.578469+00:00,GJ36AJ8335,0.85,0.991,0.9205
2025-09-07T08:17:41.626149+00:00,GJ36AJ8335,0.85,0.991,0.9205
2025-09-07T08:17:41.657832+00:00,GJ36AJ8335,0.85,0.991,0.9205
2025-09-07T08:17:41.691710+00:00,GJ36AJ8335,0.85,0.991,0.9205
2025-09-07T08:17:41.771367+00:00,GJ36AJ8335,0.85,0.991,0.9205
2025-09-07T08:17:41.807345+00:00,GJ36AJ8335,0.85,0.991,0.9205
2025-09-07T08:17:41.844658+00:00,GJ36AJ8335,0.85,0.991,0.9205
2025-09-07T08:17:41.890511+00:00,GJ36AJ8335,0.85,0.991,0.9205
2025-09-07T08:17:41.964725+00:00,GJ36AJ8335,0.85,0.991,0.9205
2025-09-07T08:17:42.008323+00:00,GJ36AJ8335,0.85,0.991,0.9205
2025-09-07T08:17:42.050588+00:00,GJ36AJ8335,0.85,0.991,0.9205
2025-09-07T08:17:42.090400+00:00,GJ36AJ8335,0.85,0.991,0.9205
2025-09-07T08:17:42.166570+00:00,GJ36AJ8335,0.85,0.991,0.9205
2025-09-07T08:17:42.204487+00:00,GJ36AJ8335,0.85,0.991,0.9205
2025-09-07T08:17:42.243337+00:00,GJ36AJ8335,0.85,0.991,0.9205
2025-09-07T08:17:42.283482+00:00,GJ36AJ8335,0.85,0.991,0.9205
2025-09-07T08:17:42.369969+00:00,GJ36AJ8335,0.85,0.991,0.9205
2025-09-07T08:17:42.404017+00:00,GJ36AJ8335,0.85,0.991,0.9205
2025-09-07T08:17:42.457925+00:00,GJ36AJ8335,0.85,0.991,0.9205
2025-09-07T08:17:42.501087+00:00,GJ36AJ8335,0.85,0.991,0.9205
2025-09-07T08:17:42.537615+00:00,GJ36AJ8335,0.85,0.991,0.9205
2025-09-07T08:17:42.607703+00:00,GJ36AJ8335,0.85,0.991,0.9205
2025-09-07T08:17:42.649116+00:00,GJ36AJ8335,0.85,0.991,0.9205
2025-09-07T08:17:42.687120+00:00,GJ36AJ8335,0.85,0.991,0.9205
2025-09-07T08:17:42.764535+00:00,GJ36AJ8335,0.85,0.991,0.9205
2025-09-07T08:17:42.804482+00:00,GJ36AJ8335,0.85,0.991,0.9205
2025-09-07T08:17:42.850034+00:00,GJ36AJ8335,0.85,0.991,0.9205
2025-09-07T08:17:42.886967+00:00,GJ36AJ8335,0.85,0.991,0.9205
2025-09-07T08:17:42.962797+00:00,GJ36AJ8335,0.85,0.991,0.9205
2025-09-07T08:17:43.005949+00:00,GJ36AJ8335,0.85,0.991,0.9205
2025-09-07T08:17:43.057195+00:00,GJ36AJ8335,0.85,0.991,0.9205
2025-09-07T08:17:43.097237+00:00,GJ36AJ8335,0.85,0.991,0.9205
2025-09-07T08:17:43.165765+00:00,GJ36AJ8335,0.85,0.991,0.9205
2025-09-07T08:17:43.203120+00:00,GJ36AJ8335,0.85,0.991,0.9205
2025-09-07T08:17:43.243915+00:00,GJ36AJ8335,0.85,0.991,0.9205
2025-09-07T08:17:43.285607+00:00,GJ36AJ8335,0.85,0.991,0.9205
2025-09-07T08:17:43.362875+00:00,GJ36AJ8335,0.85,0.991,0.9205
2025-09-07T08:17:43.403288+00:00,GJ36AJ8335,0.85,0.991,0.9205
2025-09-07T08:17:43.446546+00:00,GJ36AJ8335,0.85,0.991,0.9205
2025-09-07T08:17:43.512772+00:00,GJ36AJ8335,0.85,0.991,0.9205
2025-09-07T08:17:43.578226+00:00,GJ36AJ8335,0.85,0.991,0.9205
2025-09-07T08:17:43.621214+00:00,GJ36AJ8335,0.85,0.991,0.9205
2025-09-07T08:17:43.655095+00:00,GJ36AJ8335,0.85,0.991,0.9205
2025-09-07T08:17:43.691052+00:00,GJ36AJ8335,0.85,0.991,0.9205
2025-09-07T08:17:43.766979+00:00,GJ36AJ8335,0.85,0.991,0.9205
2025-09-07T08:17:43.811655+00:00,GJ36AJ8335,0.85,0.991,0.9205
2025-09-07T08:17:43.849904+00:00,GJ36AJ8335,0.85,0.991,0.9205
2025-09-07T08:17:43.890469+00:00,GJ36AJ8335,0.85,0.991,0.9205
2025-09-07T08:17:43.962816+00:00,GJ36AJ8335,0.85,0.991,0.9205
2025-09-07T08:17:44.005973+00:00,GJ36AJ8335,0.85,0.991,0.9205
2025-09-07T08:17:44.049538+00:00,GJ36AJ8335,0.85,0.991,0.9205
2025-09-07T08:17:44.086696+00:00,GJ36AJ8335,0.85,0.991,0.9205
2025-09-07T08:17:44.162479+00:00,GJ36AJ8335,0.85,0.991,0.9205
2025-09-07T08:17:44.207698+00:00,GJ36AJ8335,0.85,0.991,0.9205
2025-09-07T08:17:44.255265+00:00,GJ36AJ8335,0.85,0.991,0.9205
2025-09-07T08:17:44.287922+00:00,GJ36AJ8335,0.85,0.991,0.9205
2025-09-07T08:17:44.369030+00:00,GJ36AJ8335,0.85,0.991,0.9205
2025-09-07T08:17:44.404328+00:00,GJ36AJ8335,0.85,0.991,0.9205
2025-09-07T08:17:44.442622+00:00,GJ36AJ8335,0.85,0.991,0.9205
2025-09-07T08:17:44.483806+00:00,GJ36AJ8335,0.85,0.991,0.9205
2025-09-07T08:17:44.522237+00:00,GJ36AJ8335,0.85,0.991,0.9205
2025-09-07T08:17:44.602622+00:00,GJ36AJ8335,0.85,0.991,0.9205
2025-09-07T08:17:44.657003+00:00,GJ36AJ8335,0.85,0.991,0.9205
2025-09-07T08:17:44.688581+00:00,GJ36AJ8335,0.85,0.991,0.9205
2025-09-07T08:17:44.761468+00:00,GJ36AJ8335,0.85,0.991,0.9205
2025-09-07T08:17:44.804220+00:00,GJ36AJ8335,0.85,0.991,0.9205
2025-09-07T08:17:44.852545+00:00,GJ36AJ8335,0.85,0.991,0.9205
2025-09-07T08:17:44.887580+00:00,GJ36AJ8335,0.85,0.991,0.9205
2025-09-07T08:17:44.962592+00:00,GJ36AJ8335,0.85,0.991,0.9205
2025-09-07T08:17:45.002870+00:00,GJ36AJ8335,0.85,0.991,0.9205
2025-09-07T08:17:45.045115+00:00,GJ36AJ8335,0.85,0.991,0.9205
2025-09-07T08:17:45.091113+00:00,GJ36AJ8335,0.85,0.991,0.9205
2025-09-07T08:17:45.166953+00:00,GJ36AJ8335,0.85,0.991,0.9205
2025-09-07T08:17:45.209075+00:00,GJ36AJ8335,0.85,0.991,0.9205
2025-09-07T08:17:45.249025+00:00,GJ36AJ8335,0.85,0.991,0.9205
2025-09-07T08:17:45.289348+00:00,GJ36AJ8335,0.85,0.991,0.9205
2025-09-07T08:17:45.366667+00:00,GJ36AJ8335,0.85,0.991,0.9205
2025-09-07T08:17:45.404797+00:00,GJ36AJ8335,0.85,0.991,0.9205
2025-09-07T08:17:45.448580+00:00,GJ36AJ8335,0.85,0.991,0.9205
2025-09-07T08:17:45.517084+00:00,GJ36AJ8335,0.85,0.991,0.9205
2025-09-07T08:17:45.579701+00:00,GJ36AJ8335,0.85,0.991,0.9205
2025-09-07T08:17:45.627166+00:00,GJ36AJ8335,0.85,0.991,0.9205
2025-09-07T08:17:45.663425+00:00,GJ36AJ8335,0.85,0.991,0.9205
2025-09-07T08:17:45.697583+00:00,GJ36AJ8335,0.85,0.991,0.9205
2025-09-07T08:17:45.763360+00:00,GJ36AJ8335,0.85,0.991,0.9205
2025-09-07T08:17:45.803738+00:00,GJ36AJ8335,0.85,0.991,0.9205
2025-09-07T08:17:45.858964+00:00,GJ36AJ8335,0.85,0.991,0.9205
2025-09-07T08:17:45.896319+00:00,GJ36AJ8335,0.85,0.991,0.9205
2025-09-07T08:17:45.968453+00:00,GJ36AJ8335,0.85,0.991,0.9205
2025-09-07T08:17:46.004787+00:00,GJ36AJ8335,0.85,0.991,0.9205
2025-09-07T08:17:46.063228+00:00,GJ36AJ8335,0.85,0.991,0.9205
2025-09-07T08:17:46.096329+00:00,GJ36AJ8335,0.85,0.991,0.9205
2025-09-07T08:17:46.168249+00:00,GJ36AJ8335,0.85,0.991,0.9205
2025-09-07T08:17:46.205535+00:00,GJ36AJ8335,0.85,0.991,0.9205
2025-09-07T08:17:46.261386+00:00,GJ36AJ8335,0.85,0.991,0.9205
2025-09-07T08:17:46.294136+00:00,GJ36AJ8335,0.85,0.991,0.9205
2025-09-07T08:17:46.373787+00:00,GJ36AJ8335,0.85,0.991,0.9205
2025-09-07T08:17:46.408541+00:00,GJ36AJ8335,0.85,0.991,0.9205
2025-09-07T08:17:46.446881+00:00,GJ36AJ8335,0.85,0.991,0.9205
2025-09-07T08:17:46.490949+00:00,GJ36AJ8335,0.85,0.991,0.9205
2025-09-07T08:17:46.526117+00:00,GJ36AJ8335,0.85,0.991,0.9205
2025-09-07T08:17:46.606142+00:00,GJ36AJ8335,0.85,0.991,0.9205
2025-09-07T08:17:46.647424+00:00,GJ36AJ8335,0.85,0.991,0.9205
2025-09-07T08:17:46.689810+00:00,GJ36AJ8335,0.85,0.991,0.9205
2025-09-07T08:17:46.769006+00:00,GJ36AJ8335,0.85,0.991,0.9205
2025-09-07T08:17:46.802749+00:00,GJ36AJ8335,0.85,0.991,0.9205
2025-09-07T08:17:46.849739+00:00,GJ36AJ8335,0.85,0.991,0.9205
2025-09-07T08:17:46.889092+00:00,GJ36AJ8335,0.85,0.991,0.9205
2025-09-07T08:17:46.964219+00:00,GJ36AJ8335,0.85,0.991,0.9205
2025-09-07T08:17:47.005320+00:00,GJ36AJ8335,0.85,0.991,0.9205
2025-09-07T08:17:47.059447+00:00,GJ36AJ8335,0.85,0.991,0.9205
2025-09-07T08:17:47.092428+00:00,GJ36AJ8335,0.85,0.991,0.9205
2025-09-07T08:17:47.162694+00:00,GJ36AJ8335,0.85,0.991,0.9205
2025-09-07T08:17:47.204025+00:00,GJ36AJ8335,0.85,0.991,0.9205
2025-09-07T08:17:47.243731+00:00,GJ36AJ8335,0.85,0.991,0.9205
2025-09-07T08:17:47.283626+00:00,GJ36AJ8335,0.85,0.991,0.9205
2025-09-07T08:17:47.365623+00:00,GJ36AJ8335,0.85,0.991,0.9205
2025-09-07T08:17:47.402086+00:00,GJ36AJ8335,0.85,0.991,0.9205
2025-09-07T08:17:47.448044+00:00,GJ36AJ8335,0.85,0.991,0.9205
2025-09-07T08:17:47.512692+00:00,GJ36AJ8335,0.85,0.991,0.9205
2025-09-07T08:17:47.579564+00:00,GJ36AJ8335,0.85,0.991,0.9205
2025-09-07T08:17:47.621763+00:00,GJ36AJ8335,0.85,0.991,0.9205
2025-09-07T08:17:47.657529+00:00,GJ36AJ8335,0.85,0.991,0.9205
2025-09-07T08:17:47.691784+00:00,GJ36AJ8335,0.85,0.991,0.9205
2025-09-07T08:17:47.774421+00:00,GJ36AJ8335,0.85,0.991,0.9205
2025-09-07T08:17:47.809487+00:00,GJ36AJ8335,0.85,0.991,0.9205
2025-09-07T08:17:47.844702+00:00,GJ36AJ8335,0.85,0.991,0.9205
2025-09-07T08:17:47.884109+00:00,GJ36AJ8335,0.85,0.991,0.9205
2025-09-07T08:17:47.961417+00:00,GJ36AJ8335,0.85,0.991,0.9205
2025-09-07T08:17:48.003507+00:00,GJ36AJ8335,0.85,0.991,0.9205
2025-09-07T08:17:48.052281+00:00,GJ36AJ8335,0.85,0.991,0.9205
2025-09-07T08:17:48.094361+00:00,GJ36AJ8335,0.85,0.991,0.9205
2025-09-07T08:17:48.164068+00:00,GJ36AJ8335,0.85,0.991,0.9205
2025-09-07T08:17:48.210199+00:00,GJ36AJ8335,0.85,0.991,0.9205
2025-09-07T08:17:48.249665+00:00,GJ36AJ8335,0.85,0.991,0.9205
2025-09-07T08:17:48.287209+00:00,GJ36AJ8335,0.85,0.991,0.9205
2025-09-07T08:17:48.368899+00:00,GJ36AJ8335,0.85,0.991,0.9205
2025-09-07T08:17:48.411031+00:00,GJ36AJ8335,0.85,0.991,0.9205
2025-09-07T08:17:48.447359+00:00,GJ36AJ8335,0.85,0.991,0.9205
2025-09-07T08:17:48.486254+00:00,GJ36AJ8335,0.85,0.991,0.9205
2025-09-07T08:17:48.523198+00:00,GJ36AJ8335,0.85,0.991,0.9205
2025-09-07T08:17:48.603493+00:00,GJ36AJ8335,0.85,0.991,0.9205
2025-09-07T08:17:48.648462+00:00,GJ36AJ8335,0.85,0.991,0.9205
2025-09-07T08:17:48.683354+00:00,GJ36AJ8335,0.85,0.991,0.9205
2025-09-07T08:17:48.764415+00:00,GJ36AJ8335,0.85,0.991,0.9205
2025-09-07T08:17:48.802939+00:00,GJ36AJ8335,0.85,0.991,0.9205
2025-09-07T08:17:48.843927+00:00,GJ36AJ8335,0.85,0.991,0.9205
2025-09-07T08:17:48.884663+00:00,GJ36AJ8335,0.85,0.991,0.9205
2025-09-07T08:17:48.963063+00:00,GJ36AJ8335,0.85,0.991,0.9205
2025-09-07T08:17:49.009361+00:00,GJ36AJ8335,0.85,0.991,0.9205
2025-09-07T08:17:49.052648+00:00,GJ36AJ8335,0.85,0.991,0.9205
2025-09-07T08:17:49.089589+00:00,GJ36AJ8335,0.85,0.991,0.9205
2025-09-07T08:17:49.168493+00:00,GJ36AJ8335,0.85,0.991,0.9205
2025-09-07T08:17:49.216030+00:00,GJ36AJ8335,0.85,0.991,0.9205
2025-09-07T08:17:49.259547+00:00,GJ36AJ8335,0.85,0.991,0.9205
2025-09-07T08:17:49.299730+00:00,GJ36AJ8335,0.85,0.991,0.9205
2025-09-07T08:17:49.364415+00:00,GJ36AJ8335,0.85,0.991,0.9205
2025-09-07T08:17:49.405942+00:00,GJ36AJ8335,0.85,0.991,0.9205
2025-09-07T08:17:49.452854+00:00,GJ36AJ8335,0.85,0.991,0.9205
2025-09-07T08:17:49.516904+00:00,GJ36AJ8335,0.85,0.991,0.9205
2025-09-07T08:17:49.583248+00:00,GJ36AJ8335,0.85,0.991,0.9205
2025-09-07T08:17:49.763854+00:00,GJ36AJ8335,0.85,0.991,0.9205
2025-09-07T08:17:49.807749+00:00,GJ36AJ8335,0.85,0.991,0.9205
2025-09-07T08:17:49.839412+00:00,GJ36AJ8335,0.85,0.991,0.9205
2025-09-07T08:17:49.881894+00:00,GJ36AJ8335,0.85,0.991,0.9205
2025-09-07T08:17:49.911361+00:00,GJ36AJ8335,0.85,0.991,0.9205
2025-09-07T08:17:49.955926+00:00,GJ36AJ8335,0.85,0.991,0.9205
2025-09-07T08:17:49.988454+00:00,GJ36AJ8335,0.85,0.991,0.9205
2025-09-07T08:17:50.023874+00:00,GJ36AJ8335,0.85,0.991,0.9205
2025-09-07T08:17:50.058939+00:00,GJ36AJ8335,0.85,0.991,0.9205
2025-09-07T08:17:50.091840+00:00,GJ36AJ8335,0.85,0.991,0.9205
2025-09-07T08:17:50.129713+00:00,GJ36AJ8335,0.85,0.991,0.9205
2025-09-07T08:17:50.165845+00:00,GJ36AJ8335,0.85,0.991,0.9205
2025-09-07T08:17:50.204253+00:00,GJ36AJ8335,0.85,0.991,0.9205
2025-09-07T08:17:50.258900+00:00,GJ36AJ8335,0.85,0.991,0.9205
2025-09-07T08:17:50.298119+00:00,GJ36AJ8335,0.85,0.991,0.9205
2025-09-07T08:17:50.363050+00:00,GJ36AJ8335,0.85,0.991,0.9205
2025-09-07T08:17:50.406457+00:00,GJ36AJ8335,0.85,0.991,0.9205
2025-09-07T08:17:50.451537+00:00,GJ36AJ8335,0.85,0.991,0.9205
2025-09-07T08:17:50.487510+00:00,GJ36AJ8335,0.85,0.991,0.9205
2025-09-07T08:17:50.523831+00:00,GJ36AJ8335,0.85,0.991,0.9205
2025-09-07T08:17:50.607605+00:00,GJ36AJ8335,0.85,0.991,0.9205
2025-09-07T08:17:50.646269+00:00,GJ36AJ8335,0.85,0.991,0.9205
2025-09-07T08:17:50.692862+00:00,GJ36AJ8335,0.85,0.991,0.9205
2025-09-07T08:17:50.769977+00:00,GJ36AJ8335,0.85,0.991,0.9205
2025-09-07T08:17:50.806827+00:00,GJ36AJ8335,0.85,0.991,0.9205
2025-09-07T08:17:50.859812+00:00,GJ36AJ8335,0.85,0.991,0.9205
2025-09-07T08:17:50.892889+00:00,GJ36AJ8335,0.85,0.991,0.9205
2025-09-07T08:17:50.965057+00:00,GJ36AJ8335,0.85,0.991,0.9205
2025-09-07T08:17:51.007270+00:00,GJ36AJ8335,0.85,0.991,0.9205
2025-09-07T08:17:51.058643+00:00,GJ36AJ8335,0.85,0.991,0.9205
2025-09-07T08:17:51.094534+00:00,GJ36AJ8335,0.85,0.991,0.9205
2025-09-07T08:17:51.169946+00:00,GJ36AJ8335,0.85,0.991,0.9205
2025-09-07T08:17:51.210276+00:00,GJ36AJ8335,0.85,0.991,0.9205
2025-09-07T08:17:51.253356+00:00,GJ36AJ8335,0.85,0.991,0.9205
2025-09-07T08:17:51.287274+00:00,GJ36AJ8335,0.85,0.991,0.9205
2025-09-07T08:17:51.363362+00:00,GJ36AJ8335,0.85,0.991,0.9205
2025-09-07T08:17:51.404830+00:00,GJ36AJ8335,0.85,0.991,0.9205
2025-09-07T08:17:51.445233+00:00,GJ36AJ8335,0.85,0.991,0.9205
2025-09-07T08:17:51.511157+00:00,GJ36AJ8335,0.85,0.991,0.9205
2025-09-07T08:17:51.586828+00:00,GJ36AJ8335,0.85,0.991,0.9205
2025-09-07T08:17:51.632316+00:00,GJ36AJ8335,0.85,0.991,0.9205
2025-09-07T08:17:51.666336+00:00,GJ36AJ8335,0.85,0.991,0.9205
2025-09-07T08:17:51.703172+00:00,GJ36AJ8335,0.85,0.991,0.9205
2025-09-07T08:17:51.764514+00:00,GJ36AJ8335,0.85,0.991,0.9205
2025-09-07T08:17:51.810605+00:00,GJ36AJ8335,0.85,0.991,0.9205
2025-09-07T08:17:51.849725+00:00,GJ36AJ8335,0.85,0.991,0.9205
2025-09-07T08:17:51.882596+00:00,GJ36AJ8335,0.85,0.991,0.9205
2025-09-07T08:17:51.969479+00:00,GJ36AJ8335,0.85,0.991,0.9205
2025-09-07T08:17:52.010047+00:00,GJ36AJ8335,0.85,0.991,0.9205
2025-09-07T08:17:52.054392+00:00,GJ36AJ8335,0.85,0.991,0.9205
2025-09-07T08:17:52.088069+00:00,GJ36AJ8335,0.85,0.991,0.9205
2025-09-07T08:17:52.163505+00:00,GJ36AJ8335,0.85,0.991,0.9205
2025-09-07T08:17:52.202642+00:00,GJ36AJ8335,0.85,0.991,0.9205
2025-09-07T08:17:52.248460+00:00,GJ36AJ8335,0.85,0.991,0.9205
2025-09-07T08:17:52.288076+00:00,GJ36AJ8335,0.85,0.991,0.9205
2025-09-07T08:17:52.366656+00:00,GJ36AJ8335,0.85,0.991,0.9205
2025-09-07T08:17:52.406165+00:00,GJ36AJ8335,0.85,0.991,0.9205
2025-09-07T08:17:52.445057+00:00,GJ36AJ8335,0.85,0.991,0.9205
2025-09-07T08:17:52.489805+00:00,GJ36AJ8335,0.85,0.991,0.9205
2025-09-07T08:17:52.529401+00:00,GJ36AJ8335,0.85,0.991,0.9205
2025-09-07T08:17:52.622507+00:00,GJ36AJ8335,0.85,0.991,0.9205
2025-09-07T08:17:52.655128+00:00,GJ36AJ8335,0.85,0.991,0.9205
2025-09-07T08:17:52.695740+00:00,GJ36AJ8335,0.85,0.991,0.9205
2025-09-07T08:17:52.763964+00:00,GJ36AJ8335,0.85,0.991,0.9205
2025-09-07T08:17:52.802518+00:00,GJ36AJ8335,0.85,0.991,0.9205
2025-09-07T08:17:52.845005+00:00,GJ36AJ8335,0.85,0.991,0.9205
2025-09-07T08:17:52.884914+00:00,GJ36AJ8335,0.85,0.991,0.9205
2025-09-07T08:17:52.968505+00:00,GJ36AJ8335,0.85,0.991,0.9205
2025-09-07T08:17:53.013145+00:00,GJ36AJ8335,0.85,0.991,0.9205
2025-09-07T08:17:53.050104+00:00,GJ36AJ8335,0.85,0.991,0.9205
2025-09-07T08:17:53.092596+00:00,GJ36AJ8335,0.85,0.991,0.9205
2025-09-07T08:17:53.171804+00:00,GJ36AJ8335,0.85,0.991,0.9205
2025-09-07T08:17:53.212508+00:00,GJ36AJ8335,0.85,0.991,0.9205
2025-09-07T08:17:53.258747+00:00,GJ36AJ8335,0.85,0.991,0.9205
2025-09-07T08:17:53.291549+00:00,GJ36AJ8335,0.85,0.991,0.9205
2025-09-07T08:17:53.362173+00:00,GJ36AJ8335,0.85,0.991,0.9205
2025-09-07T08:17:53.409452+00:00,GJ36AJ8335,0.85,0.991,0.9205
2025-09-07T08:17:53.449005+00:00,GJ36AJ8335,0.85,0.991,0.9205
2025-09-07T08:17:53.520462+00:00,GJ36AJ8335,0.85,0.991,0.9205
2025-09-07T08:17:53.584192+00:00,GJ36AJ8335,0.85,0.991,0.9205
2025-09-07T08:17:53.620868+00:00,GJ36AJ8335,0.85,0.991,0.9205
2025-09-07T08:17:53.658454+00:00,GJ36AJ8335,0.85,0.991,0.9205
2025-09-07T08:17:53.691626+00:00,GJ36AJ8335,0.85,0.991,0.9205
2025-09-07T08:17:53.765643+00:00,GJ36AJ8335,0.85,0.991,0.9205
2025-09-07T08:17:53.815637+00:00,GJ36AJ8335,0.85,0.991,0.9205
2025-09-07T08:17:53.857783+00:00,GJ36AJ8335,0.85,0.991,0.9205
2025-09-07T08:17:53.890042+00:00,GJ36AJ8335,0.85,0.991,0.9205
2025-09-07T08:17:53.963067+00:00,GJ36AJ8335,0.85,0.991,0.9205
2025-09-07T08:17:54.008980+00:00,GJ36AJ8335,0.85,0.991,0.9205
2025-09-07T08:17:54.050863+00:00,GJ36AJ8335,0.85,0.991,0.9205
2025-09-07T08:17:54.096380+00:00,GJ36AJ8335,0.85,0.991,0.9205
2025-09-07T08:17:54.166177+00:00,GJ36AJ8335,0.85,0.991,0.9205
2025-09-07T08:17:54.202716+00:00,GJ36AJ8335,0.85,0.991,0.9205
2025-09-07T08:17:54.245528+00:00,GJ36AJ8335,0.85,0.991,0.9205
2025-09-07T08:17:54.289499+00:00,GJ36AJ8335,0.85,0.991,0.9205
2025-09-07T08:17:54.363559+00:00,GJ36AJ8335,0.85,0.991,0.9205
2025-09-07T08:17:54.405968+00:00,GJ36AJ8335,0.85,0.991,0.9205
2025-09-07T08:17:54.459335+00:00,GJ36AJ8335,0.85,0.991,0.9205
2025-09-07T08:17:54.489932+00:00,GJ36AJ8335,0.85,0.991,0.9205
2025-09-07T08:17:54.530334+00:00,GJ36AJ8335,0.85,0.991,0.9205
2025-09-07T08:17:54.601909+00:00,GJ36AJ8335,0.85,0.991,0.9205
2025-09-07T08:17:54.645892+00:00,GJ36AJ8335,0.85,0.991,0.9205
2025-09-07T08:17:54.691910+00:00,GJ36AJ8335,0.85,0.991,0.9205
2025-09-07T08:17:54.773108+00:00,GJ36AJ8335,0.85,0.991,0.9205
2025-09-07T08:17:54.814144+00:00,GJ36AJ8335,0.85,0.991,0.9205
2025-09-07T08:17:54.852772+00:00,GJ36AJ8335,0.85,0.991,0.9205
2025-09-07T08:17:54.891227+00:00,GJ36AJ8335,0.85,0.991,0.9205
2025-09-07T08:17:54.968115+00:00,GJ36AJ8335,0.85,0.991,0.9205
2025-09-07T08:17:55.014190+00:00,GJ36AJ8335,0.85,0.991,0.9205
2025-09-07T08:17:55.048255+00:00,GJ36AJ8335,0.85,0.991,0.9205
2025-09-07T08:17:55.095000+00:00,GJ36AJ8335,0.85,0.991,0.9205
2025-09-07T08:17:55.164455+00:00,GJ36AJ8335,0.85,0.991,0.9205
2025-09-07T08:17:55.209512+00:00,GJ36AJ8335,0.85,0.991,0.9205
2025-09-07T08:17:55.252111+00:00,GJ36AJ8335,0.85,0.991,0.9205
2025-09-07T08:17:55.291434+00:00,GJ36AJ8335,0.85,0.991,0.9205
2025-09-07T08:17:55.371417+00:00,GJ36AJ8335,0.85,0.991,0.9205
2025-09-07T08:17:55.410299+00:00,GJ36AJ8335,0.85,0.991,0.9205
2025-09-07T08:17:55.446951+00:00,GJ36AJ8335,0.85,0.991,0.9205
2025-09-07T08:17:55.506946+00:00,GJ36AJ8335,0.85,0.991,0.9205
2025-09-07T08:17:55.583341+00:00,GJ36AJ8335,0.85,0.991,0.9205
2025-09-07T08:17:55.766479+00:00,GJ36AJ8335,0.85,0.991,0.9205
2025-09-07T08:17:55.804318+00:00,GJ36AJ8335,0.85,0.991,0.9205
2025-09-07T08:17:55.835068+00:00,GJ36AJ8335,0.85,0.991,0.9205
2025-09-07T08:17:55.873844+00:00,GJ36AJ8335,0.85,0.991,0.9205
2025-09-07T08:17:55.911978+00:00,GJ36AJ8335,0.85,0.991,0.9205
2025-09-07T08:17:55.949245+00:00,GJ36AJ8335,0.85,0.991,0.9205
2025-09-07T08:17:55.985856+00:00,GJ36AJ8335,0.85,0.991,0.9205
2025-09-07T08:17:56.019984+00:00,GJ36AJ8335,0.85,0.991,0.9205
2025-09-07T08:17:56.056397+00:00,GJ36AJ8335,0.85,0.991,0.9205
2025-09-07T08:17:56.094783+00:00,GJ36AJ8335,0.85,0.991,0.9205
2025-09-07T08:17:56.128603+00:00,GJ36AJ8335,0.85,0.991,0.9205
2025-09-07T08:17:56.167731+00:00,GJ36AJ8335,0.85,0.991,0.9205
2025-09-07T08:17:56.215262+00:00,GJ36AJ8335,0.85,0.991,0.9205
2025-09-07T08:17:56.266539+00:00,GJ36AJ8335,0.85,0.991,0.9205
2025-09-07T08:17:56.301612+00:00,GJ36AJ8335,0.85,0.991,0.9205
2025-09-07T08:17:56.366149+00:00,GJ36AJ8335,0.85,0.991,0.9205
2025-09-07T08:17:56.408624+00:00,GJ36AJ8335,0.85,0.991,0.9205
2025-09-07T08:17:56.455780+00:00,GJ36AJ8335,0.85,0.991,0.9205
2025-09-07T08:17:56.490162+00:00,GJ36AJ8335,0.85,0.991,0.9205
2025-09-07T08:17:56.527672+00:00,GJ36AJ8335,0.85,0.991,0.9205
2025-09-07T08:17:56.605512+00:00,GJ36AJ8335,0.85,0.991,0.9205
2025-09-07T08:17:56.657029+00:00,GJ36AJ8335,0.85,0.991,0.9205
2025-09-07T08:17:56.690788+00:00,GJ36AJ8335,0.85,0.991,0.9205
2025-09-07T08:17:56.764819+00:00,GJ36AJ8335,0.85,0.991,0.9205
2025-09-07T08:17:56.805964+00:00,GJ36AJ8335,0.85,0.991,0.9205
2025-09-07T08:17:56.848858+00:00,GJ36AJ8335,0.85,0.991,0.9205
2025-09-07T08:17:56.884794+00:00,GJ36AJ8335,0.85,0.991,0.9205
2025-09-07T08:17:56.968532+00:00,GJ36AJ8335,0.85,0.991,0.9205
2025-09-07T08:17:57.009886+00:00,GJ36AJ8335,0.85,0.991,0.9205
2025-09-07T08:17:57.047782+00:00,GJ36AJ8335,0.85,0.991,0.9205
2025-09-07T08:17:57.085499+00:00,GJ36AJ8335,0.85,0.991,0.9205
2025-09-07T08:17:57.164919+00:00,GJ36AJ8335,0.85,0.991,0.9205
2025-09-07T08:17:57.205868+00:00,GJ36AJ8335,0.85,0.991,0.9205
2025-09-07T08:17:57.259280+00:00,GJ36AJ8335,0.85,0.991,0.9205
2025-09-07T08:17:57.295558+00:00,GJ36AJ8335,0.85,0.991,0.9205
2025-09-07T08:17:57.367938+00:00,GJ36AJ8335,0.85,0.991,0.9205
2025-09-07T08:17:57.409604+00:00,GJ36AJ8335,0.85,0.991,0.9205
2025-09-07T08:17:57.448905+00:00,GJ36AJ8335,0.85,0.991,0.9205
2025-09-07T08:17:57.510218+00:00,GJ36AJ8335,0.85,0.991,0.9205
2025-09-07T08:17:57.581073+00:00,GJ36AJ8335,0.85,0.991,0.9205
2025-09-07T08:17:57.625515+00:00,GJ36AJ8335,0.85,0.991,0.9205
2025-09-07T08:17:57.660712+00:00,GJ36AJ8335,0.85,0.991,0.9205
2025-09-07T08:17:57.697091+00:00,GJ36AJ8335,0.85,0.991,0.9205
2025-09-07T08:17:57.764054+00:00,GJ36AJ8335,0.85,0.991,0.9205
2025-09-07T08:17:57.804928+00:00,GJ36AJ8335,0.85,0.991,0.9205
2025-09-07T08:17:57.850244+00:00,GJ36AJ8335,0.85,0.991,0.9205
2025-09-07T08:17:57.889997+00:00,GJ36AJ8335,0.85,0.991,0.9205
2025-09-07T08:17:57.969783+00:00,GJ36AJ8335,0.85,0.991,0.9205
2025-09-07T08:17:58.010922+00:00,GJ36AJ8335,0.85,0.991,0.9205
2025-09-07T08:17:58.056184+00:00,GJ36AJ8335,0.85,0.991,0.9205
2025-09-07T08:17:58.088017+00:00,GJ36AJ8335,0.85,0.991,0.9205
2025-09-07T08:17:58.164931+00:00,GJ36AJ8335,0.85,0.991,0.9205
2025-09-07T08:17:58.206358+00:00,GJ36AJ8335,0.85,0.991,0.9205
2025-09-07T08:17:58.248707+00:00,GJ36AJ8335,0.85,0.991,0.9205
2025-09-07T08:17:58.286792+00:00,GJ36AJ8335,0.85,0.991,0.9205
2025-09-07T08:17:58.362266+00:00,GJ36AJ8335,0.85,0.991,0.9205
2025-09-07T08:17:58.405968+00:00,GJ36AJ8335,0.85,0.991,0.9205
2025-09-07T08:17:58.451055+00:00,GJ36AJ8335,0.85,0.991,0.9205
2025-09-07T08:17:58.484186+00:00,GJ36AJ8335,0.85,0.991,0.9205
2025-09-07T08:17:58.524194+00:00,GJ36AJ8335,0.85,0.991,0.9205
2025-09-07T08:17:58.602517+00:00,GJ36AJ8335,0.85,0.991,0.9205
2025-09-07T08:17:58.644042+00:00,GJ36AJ8335,0.85,0.991,0.9205
2025-09-07T08:17:58.687180+00:00,GJ36AJ8335,0.85,0.991,0.9205
2025-09-07T08:17:58.766777+00:00,GJ36AJ8335,0.85,0.991,0.9205
2025-09-07T08:17:58.809077+00:00,GJ36AJ8335,0.85,0.991,0.9205
2025-09-07T08:17:58.853806+00:00,GJ36AJ8335,0.85,0.991,0.9205
2025-09-07T08:17:58.891192+00:00,GJ36AJ8335,0.85,0.991,0.9205
2025-09-07T08:17:58.967497+00:00,GJ36AJ8335,0.85,0.991,0.9205
2025-09-07T08:17:59.004761+00:00,GJ36AJ8335,0.85,0.991,0.9205
2025-09-07T08:17:59.050520+00:00,GJ36AJ8335,0.85,0.991,0.9205
2025-09-07T08:17:59.089655+00:00,GJ36AJ8335,0.85,0.991,0.9205
2025-09-07T08:17:59.163812+00:00,GJ36AJ8335,0.85,0.991,0.9205
2025-09-07T08:17:59.203024+00:00,GJ36AJ8335,0.85,0.991,0.9205
2025-09-07T08:17:59.244004+00:00,GJ36AJ8335,0.85,0.991,0.9205
2025-09-07T08:17:59.284583+00:00,GJ36AJ8335,0.85,0.991,0.9205
2025-09-07T08:17:59.361921+00:00,GJ36AJ8335,0.85,0.991,0.9205
2025-09-07T08:17:59.402468+00:00,GJ36AJ8335,0.85,0.991,0.9205
2025-09-07T08:17:59.517324+00:00,GJ36AJ8335,0.85,0.991,0.9205
2025-09-07T08:17:59.555525+00:00,GJ36AJ8335,0.85,0.991,0.9205
2025-09-07T08:17:59.592206+00:00,GJ36AJ8335,0.85,0.991,0.9205
2025-09-07T08:17:59.628617+00:00,GJ36AJ8335,0.85,0.991,0.9205
2025-09-07T08:17:59.665186+00:00,GJ36AJ8335,0.85,0.991,0.9205
2025-09-07T08:17:59.696466+00:00,GJ36AJ8335,0.85,0.991,0.9205
2025-09-07T08:17:59.767555+00:00,GJ36AJ8335,0.85,0.991,0.9205
2025-09-07T08:17:59.808657+00:00,GJ36AJ8335,0.85,0.991,0.9205
2025-09-07T08:17:59.857300+00:00,GJ36AJ8335,0.85,0.991,0.9205
2025-09-07T08:17:59.891744+00:00,GJ36AJ8335,0.85,0.991,0.9205
2025-09-07T08:17:59.962794+00:00,GJ36AJ8335,0.85,0.991,0.9205
2025-09-07T08:18:00.003699+00:00,GJ36AJ8335,0.85,0.991,0.9205
2025-09-07T08:18:00.043873+00:00,GJ36AJ8335,0.85,0.991,0.9205
2025-09-07T08:18:00.084770+00:00,GJ36AJ8335,0.85,0.991,0.9205
2025-09-07T08:18:00.162422+00:00,GJ36AJ8335,0.85,0.991,0.9205
2025-09-07T08:18:00.203809+00:00,GJ36AJ8335,0.85,0.991,0.9205
2025-09-07T08:18:00.255768+00:00,GJ36AJ8335,0.85,0.991,0.9205
2025-09-07T08:18:00.291498+00:00,GJ36AJ8335,0.85,0.991,0.9205
2025-09-07T08:18:00.363348+00:00,GJ36AJ8335,0.85,0.991,0.9205
2025-09-07T08:18:00.404727+00:00,GJ36AJ8335,0.85,0.991,0.9205
2025-09-07T08:18:00.451946+00:00,GJ36AJ8335,0.85,0.991,0.9205
2025-09-07T08:18:00.486477+00:00,GJ36AJ8335,0.85,0.991,0.9205
2025-09-07T08:18:00.528381+00:00,GJ36AJ8335,0.85,0.991,0.9205
2025-09-07T08:18:00.602465+00:00,GJ36AJ8335,0.85,0.991,0.9205
2025-09-07T08:18:00.645697+00:00,GJ36AJ8335,0.85,0.991,0.9205
2025-09-07T08:18:00.689137+00:00,GJ36AJ8335,0.85,0.991,0.9205
2025-09-07T08:18:00.763518+00:00,GJ36AJ8335,0.85,0.991,0.9205
2025-09-07T08:18:00.803377+00:00,GJ36AJ8335,0.85,0.991,0.9205
2025-09-07T08:18:00.848220+00:00,GJ36AJ8335,0.85,0.991,0.9205
2025-09-07T08:18:00.883827+00:00,GJ36AJ8335,0.85,0.991,0.9205
2025-09-07T08:18:00.962465+00:00,GJ36AJ8335,0.85,0.991,0.9205
2025-09-07T08:18:01.002925+00:00,GJ36AJ8335,0.85,0.991,0.9205
2025-09-07T08:18:01.043236+00:00,GJ36AJ8335,0.85,0.991,0.9205
2025-09-07T08:18:01.084435+00:00,GJ36AJ8335,0.85,0.991,0.9205
2025-09-07T08:18:01.162845+00:00,GJ36AJ8335,0.85,0.991,0.9205
2025-09-07T08:18:01.208095+00:00,GJ36AJ8335,0.85,0.991,0.9205
2025-09-07T08:18:01.253159+00:00,GJ36AJ8335,0.85,0.991,0.9205
2025-09-07T08:18:01.286620+00:00,GJ36AJ8335,0.85,0.991,0.9205
2025-09-07T08:18:01.362952+00:00,GJ36AJ8335,0.85,0.991,0.9205
2025-09-07T08:18:01.404079+00:00,GJ36AJ8335,0.85,0.991,0.9205
2025-09-07T08:18:01.444234+00:00,GJ36AJ8335,0.85,0.991,0.9205
2025-09-07T08:18:01.507952+00:00,GJ36AJ8335,0.85,0.991,0.9205
2025-09-07T08:18:01.581775+00:00,GJ36AJ8335,0.85,0.991,0.9205
2025-09-07T08:18:01.624210+00:00,GJ36AJ8335,0.85,0.991,0.9205
2025-09-07T08:18:01.655451+00:00,GJ36AJ8335,0.85,0.991,0.9205
2025-09-07T08:18:01.692446+00:00,GJ36AJ8335,0.85,0.991,0.9205
2025-09-07T08:18:01.762688+00:00,GJ36AJ8335,0.85,0.991,0.9205
2025-09-07T08:18:01.802493+00:00,GJ36AJ8335,0.85,0.991,0.9205
2025-09-07T08:18:01.843502+00:00,GJ36AJ8335,0.85,0.991,0.9205
2025-09-07T08:18:01.887660+00:00,GJ36AJ8335,0.85,0.991,0.9205
2025-09-07T08:18:01.967807+00:00,GJ36AJ8335,0.85,0.991,0.9205
2025-09-07T08:18:02.007935+00:00,GJ36AJ8335,0.85,0.991,0.9205
2025-09-07T08:18:02.049046+00:00,GJ36AJ8335,0.85,0.991,0.9205
2025-09-07T08:18:02.084705+00:00,GJ36AJ8335,0.85,0.991,0.9205
2025-09-07T08:18:02.162245+00:00,GJ36AJ8335,0.85,0.991,0.9205
2025-09-07T08:18:02.209904+00:00,GJ36AJ8335,0.85,0.991,0.9205
2025-09-07T08:18:02.251983+00:00,GJ36AJ8335,0.85,0.991,0.9205
2025-09-07T08:18:02.285224+00:00,GJ36AJ8335,0.85,0.991,0.9205
2025-09-07T08:18:02.369148+00:00,GJ36AJ8335,0.85,0.991,0.9205
2025-09-07T08:18:02.407127+00:00,GJ36AJ8335,0.85,0.991,0.9205
2025-09-07T08:18:02.448650+00:00,GJ36AJ8335,0.85,0.991,0.9205
2025-09-07T08:18:02.489223+00:00,GJ36AJ8335,0.85,0.991,0.9205
2025-09-07T08:18:02.527563+00:00,GJ36AJ8335,0.85,0.991,0.9205
2025-09-07T08:18:02.606702+00:00,GJ36AJ8335,0.85,0.991,0.9205
2025-09-07T08:18:02.644132+00:00,GJ36AJ8335,0.85,0.991,0.9205
2025-09-07T08:18:02.683644+00:00,GJ36AJ8335,0.85,0.991,0.9205
2025-09-07T08:18:02.765582+00:00,GJ36AJ8335,0.85,0.991,0.9205
2025-09-07T08:18:02.808779+00:00,GJ36AJ8335,0.85,0.991,0.9205
2025-09-07T08:18:02.849038+00:00,GJ36AJ8335,0.85,0.991,0.9205
2025-09-07T08:18:02.888565+00:00,GJ36AJ8335,0.85,0.991,0.9205
2025-09-07T08:18:02.967432+00:00,GJ36AJ8335,0.85,0.991,0.9205
2025-09-07T08:18:03.003313+00:00,GJ36AJ8335,0.85,0.991,0.9205
2025-09-07T08:18:03.057528+00:00,GJ36AJ8335,0.85,0.991,0.9205
2025-09-07T08:18:03.098610+00:00,GJ36AJ8335,0.85,0.991,0.9205
2025-09-07T08:18:03.163044+00:00,GJ36AJ8335,0.85,0.991,0.9205
2025-09-07T08:18:03.208698+00:00,GJ36AJ8335,0.85,0.991,0.9205
2025-09-07T08:18:03.255533+00:00,GJ36AJ8335,0.85,0.991,0.9205
2025-09-07T08:18:03.287063+00:00,GJ36AJ8335,0.85,0.991,0.9205
2025-09-07T08:18:03.363292+00:00,GJ36AJ8335,0.85,0.991,0.9205
2025-09-07T08:18:03.408450+00:00,GJ36AJ8335,0.85,0.991,0.9205
2025-09-07T08:18:03.448406+00:00,GJ36AJ8335,0.85,0.991,0.9205
2025-09-07T08:18:03.509573+00:00,GJ36AJ8335,0.85,0.991,0.9205
2025-09-07T08:18:03.586264+00:00,GJ36AJ8335,0.85,0.991,0.9205
2025-09-07T08:18:03.764531+00:00,GJ36AJ8335,0.85,0.991,0.9205
2025-09-07T08:18:03.800152+00:00,GJ36AJ8335,0.85,0.991,0.9205
2025-09-07T08:18:03.837227+00:00,GJ36AJ8335,0.85,0.991,0.9205
2025-09-07T08:18:03.873793+00:00,GJ36AJ8335,0.85,0.991,0.9205
2025-09-07T08:18:03.909726+00:00,GJ36AJ8335,0.85,0.991,0.9205
2025-09-07T08:18:03.944176+00:00,GJ36AJ8335,0.85,0.991,0.9205
2025-09-07T08:18:03.986066+00:00,GJ36AJ8335,0.85,0.991,0.9205
2025-09-07T08:18:04.016639+00:00,GJ36AJ8335,0.85,0.991,0.9205
2025-09-07T08:18:04.052480+00:00,GJ36AJ8335,0.85,0.991,0.9205
2025-09-07T08:18:04.086808+00:00,GJ36AJ8335,0.85,0.991,0.9205
2025-09-07T08:18:04.122469+00:00,GJ36AJ8335,0.85,0.991,0.9205
2025-09-07T08:18:04.162941+00:00,GJ36AJ8335,0.85,0.991,0.9205
2025-09-07T08:18:04.209276+00:00,GJ36AJ8335,0.85,0.991,0.9205
2025-09-07T08:18:04.245833+00:00,GJ36AJ8335,0.85,0.991,0.9205
2025-09-07T08:18:04.285035+00:00,GJ36AJ8335,0.85,0.991,0.9205
2025-09-07T08:18:04.364604+00:00,GJ36AJ8335,0.85,0.991,0.9205
2025-09-07T08:18:04.406827+00:00,GJ36AJ8335,0.85,0.991,0.9205
2025-09-07T08:18:04.447936+00:00,GJ36AJ8335,0.85,0.991,0.9205
2025-09-07T08:18:04.488689+00:00,GJ36AJ8335,0.85,0.991,0.9205
2025-09-07T08:18:04.527417+00:00,GJ36AJ8335,0.85,0.991,0.9205
2025-09-07T08:18:04.601946+00:00,GJ36AJ8335,0.85,0.991,0.9205
2025-09-07T08:18:04.646061+00:00,GJ36AJ8335,0.85,0.991,0.9205
2025-09-07T08:18:04.687535+00:00,GJ36AJ8335,0.85,0.991,0.9205
2025-09-07T08:18:04.764244+00:00,GJ36AJ8335,0.85,0.991,0.9205
2025-09-07T08:18:04.805020+00:00,GJ36AJ8335,0.85,0.991,0.9205
2025-09-07T08:18:04.849060+00:00,GJ36AJ8335,0.85,0.991,0.9205
2025-09-07T08:18:04.888718+00:00,GJ36AJ8335,0.85,0.991,0.9205
2025-09-07T08:18:04.967067+00:00,GJ36AJ8335,0.85,0.991,0.9205
2025-09-07T08:18:05.007343+00:00,GJ36AJ8335,0.85,0.991,0.9205
2025-09-07T08:18:05.052271+00:00,GJ36AJ8335,0.85,0.991,0.9205
2025-09-07T08:18:05.089570+00:00,GJ36AJ8335,0.85,0.991,0.9205
2025-09-07T08:18:05.169127+00:00,GJ36AJ8335,0.85,0.991,0.9205
2025-09-07T08:18:05.209097+00:00,GJ36AJ8335,0.85,0.991,0.9205
2025-09-07T08:18:05.250719+00:00,GJ36AJ8335,0.85,0.991,0.9205
2025-09-07T08:18:05.289081+00:00,GJ36AJ8335,0.85,0.991,0.9205
2025-09-07T08:18:05.368648+00:00,GJ36AJ8335,0.85,0.991,0.9205
2025-09-07T08:18:05.409245+00:00,GJ36AJ8335,0.85,0.991,0.9205
2025-09-07T08:18:05.452225+00:00,GJ36AJ8335,0.85,0.991,0.9205
2025-09-07T08:18:05.526265+00:00,GJ36AJ8335,0.85,0.991,0.9205
2025-09-07T08:18:05.587910+00:00,GJ36AJ8335,0.85,0.991,0.9205
2025-09-07T08:18:05.763198+00:00,GJ36AJ8335,0.85,0.991,0.9205
2025-09-07T08:18:05.800229+00:00,GJ36AJ8335,0.85,0.991,0.9205
2025-09-07T08:18:05.840367+00:00,GJ36AJ8335,0.85,0.991,0.9205
2025-09-07T08:18:05.878320+00:00,GJ36AJ8335,0.85,0.991,0.9205
2025-09-07T08:18:05.914525+00:00,GJ36AJ8335,0.85,0.991,0.9205
2025-09-07T08:18:05.946159+00:00,GJ36AJ8335,0.85,0.991,0.9205
2025-09-07T08:18:05.987018+00:00,GJ36AJ8335,0.85,0.991,0.9205
2025-09-07T08:18:06.018997+00:00,GJ36AJ8335,0.85,0.991,0.9205
2025-09-07T08:18:06.057523+00:00,GJ36AJ8335,0.85,0.991,0.9205
2025-09-07T08:18:06.091548+00:00,GJ36AJ8335,0.85,0.991,0.9205
2025-09-07T08:18:06.127813+00:00,GJ36AJ8335,0.85,0.991,0.9205
2025-09-07T08:18:06.165138+00:00,GJ36AJ8335,0.85,0.991,0.9205
2025-09-07T08:18:06.204694+00:00,GJ36AJ8335,0.85,0.991,0.9205
2025-09-07T08:18:06.259517+00:00,GJ36AJ8335,0.85,0.991,0.9205
2025-09-07T08:18:06.292726+00:00,GJ36AJ8335,0.85,0.991,0.9205
2025-09-07T08:18:06.363318+00:00,GJ36AJ8335,0.85,0.991,0.9205
2025-09-07T08:18:06.403960+00:00,GJ36AJ8335,0.85,0.991,0.9205
2025-09-07T08:18:06.444084+00:00,GJ36AJ8335,0.85,0.991,0.9205
2025-09-07T08:18:06.484214+00:00,GJ36AJ8335,0.85,0.991,0.9205
2025-09-07T08:18:06.527490+00:00,GJ36AJ8335,0.85,0.991,0.9205
2025-09-07T08:18:06.610649+00:00,GJ36AJ8335,0.85,0.991,0.9205
2025-09-07T08:18:06.653460+00:00,GJ36AJ8335,0.85,0.991,0.9205
2025-09-07T08:18:06.686126+00:00,GJ36AJ8335,0.85,0.991,0.9205
2025-09-07T08:18:06.772533+00:00,GJ36AJ8335,0.85,0.991,0.9205
2025-09-07T08:18:06.811908+00:00,GJ36AJ8335,0.85,0.991,0.9205
2025-09-07T08:18:06.848676+00:00,GJ36AJ8335,0.85,0.991,0.9205
2025-09-07T08:18:06.895851+00:00,GJ36AJ8335,0.85,0.991,0.9205
2025-09-07T08:18:06.966359+00:00,GJ36AJ8335,0.85,0.991,0.9205
2025-09-07T08:18:07.012460+00:00,GJ36AJ8335,0.85,0.991,0.9205
2025-09-07T08:18:07.050945+00:00,GJ36AJ8335,0.85,0.991,0.9205
2025-09-07T08:18:07.087289+00:00,GJ36AJ8335,0.85,0.991,0.9205
2025-09-07T08:18:07.162566+00:00,GJ36AJ8335,0.85,0.991,0.9205
2025-09-07T08:18:07.213688+00:00,GJ36AJ8335,0.85,0.991,0.9205
2025-09-07T08:18:07.259543+00:00,GJ36AJ8335,0.85,0.991,0.9205
2025-09-07T08:18:07.290218+00:00,GJ36AJ8335,0.85,0.991,0.9205
2025-09-07T08:18:07.371357+00:00,GJ36AJ8335,0.85,0.991,0.9205
2025-09-07T08:18:07.405840+00:00,GJ36AJ8335,0.85,0.991,0.9205
2025-09-07T08:18:07.446711+00:00,GJ36AJ8335,0.85,0.991,0.9205
2025-09-07T08:18:07.524241+00:00,GJ36AJ8335,0.85,0.991,0.9205
2025-09-07T08:18:07.583572+00:00,GJ36AJ8335,0.85,0.991,0.9205
2025-09-07T08:18:07.621721+00:00,GJ36AJ8335,0.85,0.991,0.9205
2025-09-07T08:18:07.660614+00:00,GJ36AJ8335,0.85,0.991,0.9205
2025-09-07T08:18:07.697052+00:00,GJ36AJ8335,0.85,0.991,0.9205
2025-09-07T08:18:07.768034+00:00,GJ36AJ8335,0.85,0.991,0.9205
2025-09-07T08:18:07.811056+00:00,GJ36AJ8335,0.85,0.991,0.9205
2025-09-07T08:18:07.855941+00:00,GJ36AJ8335,0.85,0.991,0.9205
2025-09-07T08:18:07.895967+00:00,GJ36AJ8335,0.85,0.991,0.9205
2025-09-07T08:18:07.971563+00:00,GJ36AJ8335,0.85,0.991,0.9205
2025-09-07T08:18:08.013571+00:00,GJ36AJ8335,0.85,0.991,0.9205
2025-09-07T08:18:08.055380+00:00,GJ36AJ8335,0.85,0.991,0.9205
2025-09-07T08:18:08.096180+00:00,GJ36AJ8335,0.85,0.991,0.9205
2025-09-07T08:18:08.166040+00:00,GJ36AJ8335,0.85,0.991,0.9205
2025-09-07T08:18:08.207630+00:00,GJ36AJ8335,0.85,0.991,0.9205
2025-09-07T08:18:08.256209+00:00,GJ36AJ8335,0.85,0.991,0.9205
2025-09-07T08:18:08.290348+00:00,GJ36AJ8335,0.85,0.991,0.9205
2025-09-07T08:18:08.365991+00:00,GJ36AJ8335,0.85,0.991,0.9205
2025-09-07T08:18:08.405368+00:00,GJ36AJ8335,0.85,0.991,0.9205
2025-09-07T08:18:08.445342+00:00,GJ36AJ8335,0.85,0.991,0.9205
2025-09-07T08:18:08.494952+00:00,GJ36AJ8335,0.85,0.991,0.9205
2025-09-07T08:18:08.529883+00:00,GJ36AJ8335,0.85,0.991,0.9205
2025-09-07T08:18:08.603705+00:00,GJ36AJ8335,0.85,0.991,0.9205
2025-09-07T08:18:08.642519+00:00,GJ36AJ8335,0.85,0.991,0.9205
2025-09-07T08:18:08.687574+00:00,GJ36AJ8335,0.85,0.991,0.9205
2025-09-07T08:18:08.764259+00:00,GJ36AJ8335,0.85,0.991,0.9205
2025-09-07T08:18:08.813378+00:00,GJ36AJ8335,0.85,0.991,0.9205
2025-09-07T08:18:08.855154+00:00,GJ36AJ8335,0.85,0.991,0.9205
2025-09-07T08:18:08.895207+00:00,GJ36AJ8335,0.85,0.991,0.9205
2025-09-07T08:18:08.962400+00:00,GJ36AJ8335,0.85,0.991,0.9205
2025-09-07T08:18:09.010040+00:00,GJ36AJ8335,0.85,0.991,0.9205
2025-09-07T08:18:09.065425+00:00,GJ36AJ8335,0.85,0.991,0.9205
2025-09-07T08:18:09.099685+00:00,GJ36AJ8335,0.85,0.991,0.9205
2025-09-07T08:18:09.166564+00:00,GJ36AJ8335,0.85,0.991,0.9205
2025-09-07T08:18:09.205372+00:00,GJ36AJ8335,0.85,0.991,0.9205
2025-09-07T08:18:09.246658+00:00,GJ36AJ8335,0.85,0.991,0.9205
2025-09-07T08:18:09.290114+00:00,GJ36AJ8335,0.85,0.991,0.9205
2025-09-07T08:18:09.369724+00:00,GJ36AJ8335,0.85,0.991,0.9205
2025-09-07T08:18:09.416192+00:00,GJ36AJ8335,0.85,0.991,0.9205
2025-09-07T08:18:09.461102+00:00,GJ36AJ8335,0.85,0.991,0.9205
2025-09-07T08:18:09.514049+00:00,GJ36AJ8335,0.85,0.991,0.9205
2025-09-07T08:18:09.580769+00:00,GJ36AJ8335,0.85,0.991,0.9205
2025-09-07T08:18:09.626456+00:00,GJ36AJ8335,0.85,0.991,0.9205
2025-09-07T08:18:09.661841+00:00,GJ36AJ8335,0.85,0.991,0.9205
2025-09-07T08:18:09.703587+00:00,GJ36AJ8335,0.85,0.991,0.9205
2025-09-07T08:18:09.769892+00:00,GJ36AJ8335,0.85,0.991,0.9205
2025-09-07T08:18:09.805635+00:00,GJ36AJ8335,0.85,0.991,0.9205
2025-09-07T08:18:09.855403+00:00,GJ36AJ8335,0.85,0.991,0.9205
2025-09-07T08:18:09.897378+00:00,GJ36AJ8335,0.85,0.991,0.9205
2025-09-07T08:18:09.965507+00:00,GJ36AJ8335,0.85,0.991,0.9205
2025-09-07T08:18:10.013616+00:00,GJ36AJ8335,0.85,0.991,0.9205
2025-09-07T08:18:10.059543+00:00,GJ36AJ8335,0.85,0.991,0.9205
2025-09-07T08:18:10.092205+00:00,GJ36AJ8335,0.85,0.991,0.9205
2025-09-07T08:18:10.175360+00:00,GJ36AJ8335,0.85,0.991,0.9205
2025-09-07T08:18:10.215403+00:00,GJ36AJ8335,0.85,0.991,0.9205
2025-09-07T08:18:10.258534+00:00,GJ36AJ8335,0.85,0.991,0.9205
2025-09-07T08:18:10.292405+00:00,GJ36AJ8335,0.85,0.991,0.9205
2025-09-07T08:18:10.364682+00:00,GJ36AJ8335,0.85,0.991,0.9205
2025-09-07T08:18:10.404645+00:00,GJ36AJ8335,0.85,0.991,0.9205
2025-09-07T08:18:10.451952+00:00,GJ36AJ8335,0.85,0.991,0.9205
2025-09-07T08:18:10.496807+00:00,GJ36AJ8335,0.85,0.991,0.9205
2025-09-07T08:18:10.533808+00:00,GJ36AJ8335,0.85,0.991,0.9205
2025-09-07T08:18:10.604398+00:00,GJ36AJ8335,0.85,0.991,0.9205
2025-09-07T08:18:10.650402+00:00,GJ36AJ8335,0.85,0.991,0.9205
2025-09-07T08:18:10.697680+00:00,GJ36AJ8335,0.85,0.991,0.9205
2025-09-07T08:18:10.769035+00:00,GJ36AJ8335,0.85,0.991,0.9205
2025-09-07T08:18:10.817964+00:00,GJ36AJ8335,0.85,0.991,0.9205
2025-09-07T08:18:10.861082+00:00,GJ36AJ8335,0.85,0.991,0.9205
2025-09-07T08:18:10.898942+00:00,GJ36AJ8335,0.85,0.991,0.9205
2025-09-07T08:18:10.969336+00:00,GJ36AJ8335,0.85,0.991,0.9205
2025-09-07T08:18:11.007026+00:00,GJ36AJ8335,0.85,0.991,0.9205
2025-09-07T08:18:11.043841+00:00,GJ36AJ8335,0.85,0.991,0.9205
2025-09-07T08:18:11.086724+00:00,GJ36AJ8335,0.85,0.991,0.9205
2025-09-07T08:18:11.206835+00:00,GJ36AJ8335,0.85,0.991,0.9205
2025-09-07T08:18:11.234746+00:00,GJ36AJ8335,0.85,0.991,0.9205
2025-09-07T08:18:11.256989+00:00,GJ36AJ8335,0.85,0.991,0.9205
2025-09-07T08:18:11.292457+00:00,GJ36AJ8335,0.85,0.991,0.9205
2025-09-07T08:18:11.364422+00:00,GJ36AJ8335,0.85,0.991,0.9205
2025-09-07T08:18:11.403591+00:00,GJ36AJ8335,0.85,0.991,0.9205
2025-09-07T08:18:11.456552+00:00,GJ36AJ8335,0.85,0.991,0.9205
2025-09-07T08:18:11.518265+00:00,GJ36AJ8335,0.85,0.991,0.9205
2025-09-07T08:18:11.574067+00:00,GJ36AJ8335,0.85,0.991,0.9205
2025-09-07T08:18:11.623721+00:00,GJ36AJ8335,0.85,0.991,0.9205
2025-09-07T08:18:11.658658+00:00,GJ36AJ8335,0.85,0.991,0.9205
2025-09-07T08:18:11.691583+00:00,GJ36AJ8335,0.85,0.991,0.9205
2025-09-07T08:18:11.763554+00:00,GJ36AJ8335,0.85,0.991,0.9205
2025-09-07T08:18:11.812729+00:00,GJ36AJ8335,0.85,0.991,0.9205
2025-09-07T08:18:11.868989+00:00,GJ36AJ8335,0.85,0.991,0.9205
2025-09-07T08:18:11.910127+00:00,GJ36AJ8335,0.85,0.991,0.9205
2025-09-07T08:18:11.973555+00:00,GJ36AJ8335,0.85,0.991,0.9205
2025-09-07T08:18:12.006435+00:00,GJ36AJ8335,0.85,0.991,0.9205
2025-09-07T08:18:12.057957+00:00,GJ36AJ8335,0.85,0.991,0.9205
2025-09-07T08:18:12.098388+00:00,GJ36AJ8335,0.85,0.991,0.9205
2025-09-07T08:18:12.166445+00:00,GJ36AJ8335,0.85,0.991,0.9205
2025-09-07T08:18:12.210522+00:00,GJ36AJ8335,0.85,0.991,0.9205
2025-09-07T08:18:12.252846+00:00,GJ36AJ8335,0.85,0.991,0.9205
2025-09-07T08:18:12.294815+00:00,GJ36AJ8335,0.85,0.991,0.9205
2025-09-07T08:18:12.370281+00:00,GJ36AJ8335,0.85,0.991,0.9205
2025-09-07T08:18:12.408944+00:00,GJ36AJ8335,0.85,0.991,0.9205
2025-09-07T08:18:12.449226+00:00,GJ36AJ8335,0.85,0.991,0.9205
2025-09-07T08:18:12.493043+00:00,GJ36AJ8335,0.85,0.991,0.9205
2025-09-07T08:18:12.532375+00:00,GJ36AJ8335,0.85,0.991,0.9205
2025-09-07T08:18:12.605499+00:00,GJ36AJ8335,0.85,0.991,0.9205
2025-09-07T08:18:12.644404+00:00,GJ36AJ8335,0.85,0.991,0.9205
2025-09-07T08:18:12.684497+00:00,GJ36AJ8335,0.85,0.991,0.9205
2025-09-07T08:18:12.764671+00:00,GJ36AJ8335,0.85,0.991,0.9205
2025-09-07T08:18:12.803885+00:00,GJ36AJ8335,0.85,0.991,0.9205
2025-09-07T08:18:12.855371+00:00,GJ36AJ8335,0.85,0.991,0.9205
2025-09-07T08:18:12.893002+00:00,GJ36AJ8335,0.85,0.991,0.9205
2025-09-07T08:18:12.968632+00:00,GJ36AJ8335,0.85,0.991,0.9205
2025-09-07T08:18:13.011741+00:00,GJ36AJ8335,0.85,0.991,0.9205
2025-09-07T08:18:13.049361+00:00,GJ36AJ8335,0.85,0.991,0.9205
2025-09-07T08:18:13.091615+00:00,GJ36AJ8335,0.85,0.991,0.9205
2025-09-07T08:18:13.168663+00:00,GJ36AJ8335,0.85,0.991,0.9205
2025-09-07T08:18:13.210555+00:00,GJ36AJ8335,0.85,0.991,0.9205
2025-09-07T08:18:13.259114+00:00,GJ36AJ8335,0.85,0.991,0.9205
2025-09-07T08:18:13.294707+00:00,GJ36AJ8335,0.85,0.991,0.9205
2025-09-07T08:18:13.365504+00:00,GJ36AJ8335,0.85,0.991,0.9205
2025-09-07T08:18:13.403213+00:00,GJ36AJ8335,0.85,0.991,0.9205
2025-09-07T08:18:13.453160+00:00,GJ36AJ8335,0.85,0.991,0.9205
2025-09-07T08:18:13.514373+00:00,GJ36AJ8335,0.85,0.991,0.9205
2025-09-07T08:18:13.583714+00:00,GJ36AJ8335,0.85,0.991,0.9205
2025-09-07T08:18:13.625376+00:00,GJ36AJ8335,0.85,0.991,0.9205
2025-09-07T08:18:13.656230+00:00,GJ36AJ8335,0.85,0.991,0.9205
2025-09-07T08:18:13.694071+00:00,GJ36AJ8335,0.85,0.991,0.9205
2025-09-07T08:18:13.763306+00:00,GJ36AJ8335,0.85,0.991,0.9205
2025-09-07T08:18:13.807503+00:00,GJ36AJ8335,0.85,0.991,0.9205
2025-09-07T08:18:13.848615+00:00,GJ36AJ8335,0.85,0.991,0.9205
2025-09-07T08:18:13.888866+00:00,GJ36AJ8335,0.85,0.991,0.9205
2025-09-07T08:18:13.963254+00:00,GJ36AJ8335,0.85,0.991,0.9205
2025-09-07T08:18:14.012559+00:00,GJ36AJ8335,0.85,0.991,0.9205
2025-09-07T08:18:14.050465+00:00,GJ36AJ8335,0.85,0.991,0.9205
2025-09-07T08:18:14.091006+00:00,GJ36AJ8335,0.85,0.991,0.9205
2025-09-07T08:18:14.169244+00:00,GJ36AJ8335,0.85,0.991,0.9205
2025-09-07T08:18:14.210357+00:00,GJ36AJ8335,0.85,0.991,0.9205
2025-09-07T08:18:14.249463+00:00,GJ36AJ8335,0.85,0.991,0.9205
2025-09-07T08:18:14.289367+00:00,GJ36AJ8335,0.85,0.991,0.9205
2025-09-07T08:18:14.368354+00:00,GJ36AJ8335,0.85,0.991,0.9205
2025-09-07T08:18:14.409990+00:00,GJ36AJ8335,0.85,0.991,0.9205
2025-09-07T08:18:14.450942+00:00,GJ36AJ8335,0.85,0.991,0.9205
2025-09-07T08:18:14.491598+00:00,GJ36AJ8335,0.85,0.991,0.9205
2025-09-07T08:18:14.529926+00:00,GJ36AJ8335,0.85,0.991,0.9205
2025-09-07T08:18:14.607860+00:00,GJ36AJ8335,0.85,0.991,0.9205
2025-09-07T08:18:14.650922+00:00,GJ36AJ8335,0.85,0.991,0.9205
2025-09-07T08:18:14.692619+00:00,GJ36AJ8335,0.85,0.991,0.9205
2025-09-07T08:18:14.769900+00:00,GJ36AJ8335,0.85,0.991,0.9205
2025-09-07T08:18:14.806208+00:00,GJ36AJ8335,0.85,0.991,0.9205
2025-09-07T08:18:14.848118+00:00,GJ36AJ8335,0.85,0.991,0.9205
2025-09-07T08:18:14.885105+00:00,GJ36AJ8335,0.85,0.991,0.9205
2025-09-07T08:18:14.963443+00:00,GJ36AJ8335,0.85,0.991,0.9205
2025-09-07T08:18:15.003493+00:00,GJ36AJ8335,0.85,0.991,0.9205
2025-09-07T08:18:15.061756+00:00,GJ36AJ8335,0.85,0.991,0.9205
2025-09-07T08:18:15.100467+00:00,GJ36AJ8335,0.85,0.991,0.9205
2025-09-07T08:18:15.163818+00:00,GJ36AJ8335,0.85,0.991,0.9205
2025-09-07T08:18:15.209429+00:00,GJ36AJ8335,0.85,0.991,0.9205
2025-09-07T08:18:15.247421+00:00,GJ36AJ8335,0.85,0.991,0.9205
2025-09-07T08:18:15.290265+00:00,GJ36AJ8335,0.85,0.991,0.9205
2025-09-07T08:18:15.368248+00:00,GJ36AJ8335,0.85,0.991,0.9205
2025-09-07T08:18:15.410834+00:00,GJ36AJ8335,0.85,0.991,0.9205
2025-09-07T08:18:15.512610+00:00,GJ36AJ8335,0.85,0.991,0.9205
2025-09-07T08:18:15.548774+00:00,GJ36AJ8335,0.85,0.991,0.9205
2025-09-07T08:18:15.590197+00:00,GJ36AJ8335,0.85,0.991,0.9205
2025-09-07T08:18:15.625544+00:00,GJ36AJ8335,0.85,0.991,0.9205
2025-09-07T08:18:15.667869+00:00,GJ36AJ8335,0.85,0.991,0.9205
2025-09-07T08:18:15.705732+00:00,GJ36AJ8335,0.85,0.991,0.9205
2025-09-07T08:18:15.775590+00:00,GJ36AJ8335,0.85,0.991,0.9205
2025-09-07T08:18:15.815133+00:00,GJ36AJ8335,0.85,0.991,0.9205
2025-09-07T08:18:15.854030+00:00,GJ36AJ8335,0.85,0.991,0.9205
2025-09-07T08:18:15.899828+00:00,GJ36AJ8335,0.85,0.991,0.9205
2025-09-07T08:18:15.971013+00:00,GJ36AJ8335,0.85,0.991,0.9205
2025-09-07T08:18:16.008046+00:00,GJ36AJ8335,0.85,0.991,0.9205
2025-09-07T08:18:16.050907+00:00,GJ36AJ8335,0.85,0.991,0.9205
2025-09-07T08:18:16.087033+00:00,GJ36AJ8335,0.85,0.991,0.9205
2025-09-07T08:18:16.163932+00:00,GJ36AJ8335,0.85,0.991,0.9205
2025-09-07T08:18:16.210315+00:00,GJ36AJ8335,0.85,0.991,0.9205
2025-09-07T08:18:16.263154+00:00,GJ36AJ8335,0.85,0.991,0.9205
2025-09-07T08:18:16.298873+00:00,GJ36AJ8335,0.85,0.991,0.9205
2025-09-07T08:18:16.363560+00:00,GJ36AJ8335,0.85,0.991,0.9205
2025-09-07T08:18:16.405772+00:00,GJ36AJ8335,0.85,0.991,0.9205
2025-09-07T08:18:16.450162+00:00,GJ36AJ8335,0.85,0.991,0.9205
2025-09-07T08:32:53.007259+00:00,GJ13CF6410,0.85,0.9884,0.9192
2025-09-07T08:32:56.304515+00:00,GJ36AP3567,0.85,0.9886,0.9193
2025-09-07T08:33:17.897259+00:00,GJ27ED6119,0.85,0.9721,0.911
2025-09-07T08:34:25.301393+00:00,GJ27EG0787,0.85,0.9329,0.8915
2025-09-07T08:35:26.546530+00:00,MP09BE0762,0.85,0.8615,0.8558
2025-09-07T08:36:04.108818+00:00,GJ06AV6969,0.85,0.9572,0.9036
2025-09-07T08:36:37.402102+00:00,GJ13CB1788,0.85,0.9768,0.9134
2025-09-07T08:36:55.231389+00:00,GJ13CF4443,0.85,0.9824,0.9162
2025-09-07T08:36:58.055254+00:00,GJ07DG0882,0.85,0.9633,0.9066
2025-09-07T08:37:49.089827+00:00,GJ04CA8091,0.85,0.9787,0.9143
2025-09-07T08:38:12.908790+00:00,GJ03EC5616,0.85,0.9571,0.9036
2025-09-07T08:48:07.427053+00:00,GJ38BA9259,0.85,0.9747,0.9123
2025-09-07T08:49:09.311090+00:00,GJ36AJ8335,0.85,0.9924,0.9212
2025-09-07T08:49:46.560119+00:00,UP92AH6345,0.85,0.9895,0.9198
2025-09-07T08:50:03.567174+00:00,GJ23CA2413,0.85,0.9888,0.9194
2025-09-07T08:50:07.026679+00:00,BR01DE7834,0.85,0.9612,0.9056
2025-09-07T08:55:15.225764+00:00,GJ07DG0882,0.85,0.962,0.906
2025-09-07T08:56:01.936209+00:00,GJ03LR9898,0.85,0.9788,0.9144
2025-09-07T08:56:37.781633+00:00,GJ12CP2195,0.85,0.9879,0.919
2025-09-07T08:56:56.381266+00:00,GJ13AR7796,0.85,0.9938,0.9219
2025-09-07T08:57:08.855481+00:00,GJ01RJ0213,0.85,0.9667,0.9084
2025-09-07T08:58:38.079099+00:00,GJ14BG2615,0.85,0.9833,0.9166
2025-09-07T09:01:39.708397+00:00,GJ09BJ5763,0.85,0.9596,0.9048
2025-09-07T09:02:31.570647+00:00,GJ01KL2983,0.85,0.9683,0.9091
2025-09-07T09:14:54.322428+00:00,GJ03EC5616,0.85,0.867,0.8585
2025-09-07T09:15:18.124215+00:00,GJ01WD1455,0.85,0.9844,0.9172
2025-09-07T09:15:32.117715+00:00,GJ01RU8533,0.85,0.9653,0.9076
2025-09-07T09:16:19.679439+00:00,GJ38BE4441,0.85,0.9818,0.9159
2025-09-07T09:16:21.678443+00:00,GJ01RJ0621,0.85,0.8223,0.8362
2025-09-07T09:18:10.680070+00:00,GJ27ED6119,0.85,0.9907,0.9203
2025-09-07T09:37:47.746004+00:00,GJ05CS9643,0.85,0.9789,0.9145
2025-09-07T09:40:34.851056+00:00,GJ36AL4605,0.85,0.9856,0.9178
2025-09-07T09:44:30.895138+00:00,GJ04CA8091,0.85,0.9653,0.9076
2025-09-07T09:46:05.695601+00:00,GJ38BE2066,0.85,0.9902,0.9201
2025-09-07T09:47:26.199067+00:00,GJ14BA7010,0.85,0.9874,0.9187
2025-09-07T09:47:59.252957+00:00,GJ01WX7466,0.85,0.9589,0.9045
2025-09-07T09:48:26.492950+00:00,GJ06PN1722,0.85,0.9681,0.909
2025-09-07T09:49:24.034984+00:00,GJ13CC9004,0.85,0.9432,0.8966
2025-09-07T09:49:45.194701+00:00,GJ04DA6986,0.85,0.9506,0.9003
2025-09-07T09:53:16.061885+00:00,GJ03HK8765,0.85,0.982,0.916
2025-09-07T09:56:35.497066+00:00,GJ04DN5665,0.85,0.9801,0.915
2025-09-07T09:57:11.605592+00:00,GJ02ZZ9871,0.85,0.9832,0.9166
2025-09-07T09:57:45.453363+00:00,GJ13AR7796,0.85,0.9944,0.9222
2025-09-07T10:00:11.892658+00:00,GJ05RV4305,0.85,0.905,0.8775
2025-09-07T10:02:12.246997+00:00,GJ38TA1981,0.85,0.9931,0.9216
2025-09-07T10:02:17.933395+00:00,GJ14BD3846,0.85,0.9757,0.9128
2025-09-07T10:02:34.247537+00:00,GJ09BJ5763,0.85,0.9556,0.9028
2025-09-07T10:06:49.054742+00:00,GJ24AM6169,0.85,0.9636,0.9068
2025-09-07T10:13:19.376920+00:00,GJ01HW2591,0.85,0.9436,0.8968
2025-09-07T10:13:54.022052+00:00,GJ15CF4666,0.85,0.9877,0.9189
2025-09-07T10:17:17.297708+00:00,GJ13AB7850,0.85,0.97,0.91
2025-09-07T10:18:57.248830+00:00,GJ10AC1061,0.85,0.99,0.92
2025-09-07T10:26:58.454890+00:00,GJ18BF2252,0.85,0.9694,0.9097
2025-09-07T10:28:02.584413+00:00,GJ04CJ2256,0.85,0.9593,0.9047
2025-09-07T10:29:08.464109+00:00,GJ05CS9643,0.85,0.9425,0.8962
2025-09-07T10:33:51.807515+00:00,GJ14BD3846,0.85,0.9721,0.911
2025-09-07T10:37:47.806815+00:00,GJ05RZ7726,0.85,0.9692,0.9096
2025-09-07T10:40:15.275572+00:00,GJ03HA2631,0.85,0.9828,0.9164
2025-09-07T10:47:19.066267+00:00,GJ06PN1722,0.85,0.9172,0.8836
2025-09-07T10:50:15.375840+00:00,GJ04DA6986,0.85,0.967,0.9085
2025-09-07T10:59:50.612445+00:00,GJ16AJ7515,0.85,0.9883,0.9191
2025-09-07T11:02:33.162635+00:00,GJ14AK4857,0.85,0.9935,0.9218
2025-09-07T11:08:31.223903+00:00,GJ38BA3523,0.85,0.987,0.9185
2025-09-07T11:09:15.413966+00:00,GJ23CC0079,0.85,0.9675,0.9088
2025-09-07T11:10:14.052405+00:00,GJ18BV2633,0.85,0.9767,0.9134
2025-09-07T11:10:35.581729+00:00,GJ14BA7010,0.85,0.9826,0.9163
2025-09-07T11:11:26.774433+00:00,GJ10AC1061,0.85,0.9868,0.9184
2025-09-07T11:14:24.136944+00:00,MH04MH1954,0.85,0.9927,0.9213
2025-09-07T11:14:30.791343+00:00,GJ16AJ7515,0.85,0.9488,0.8994
2025-09-07T11:14:40.435161+00:00,GJ04CJ2256,0.85,0.9226,0.8863
2025-09-07T11:19:25.198601+00:00,GJ04EA3845,0.85,0.9697,0.9098
2025-09-07T11:20:05.059130+00:00,GJ14AK4857,0.85,0.9803,0.9151
2025-09-07T11:20:19.056628+00:00,GJ01KV0812,0.85,0.8859,0.868
2025-09-07T11:25:57.316427+00:00,GJ36AC6362,0.85,0.9825,0.9162
2025-09-07T11:26:22.550453+00:00,GJ05RA1255,0.85,0.8571,0.8536
